child__hashed_id,child__garden_id,age_years,VO_exclude,VO_exclude_notes,response__date_created,pc,num_trials,diamond_trial,uniform_trial,dripping_trial,stew_trial,pump_trial,roof_trial,artichoke_trial,delivering_trial,elbow_trial,furry_trial,footbath_trial,aloe_trial,prism_trial,bulldozer_trial,sunflower_trial,hedgehog_trial,dressing_trial,thermos_trial,gutter_trial,dumpling_trial,ship_trial,cork_trial,stump_trial,picking_trial,silverware_trial,tulip_trial,foam_trial,cornbread_trial,hoe_trial,watermelon_trial,fan_trial,bear_trial,scaffolding_trial,potato_trial,sloth_trial,net_trial,peeking_trial,pistachio_trial,juggling_trial,bamboo_trial,carousel_trial,coaster_trial,lollipop_trial,cloak_trial,hopscotch_trial,turbine_trial,waterwheel_trial,typewriter_trial,fruitcake_trial,blower_trial,saddle_trial,sprinkler_trial,spatula_trial,map_trial,swordfish_trial,sink_trial,knight_trial,latch_trial,ruler_trial,ski_trial,teabag_trial,shower_trial,sorbet_trial,panda_trial,arrow_trial,puddle_trial,ant_trial,pie_trial,snail_trial,treasure_trial,oil_trial,acorn_trial,squash_trial,telescope_trial,stretcher_trial,tapestry_trial,corset_trial,antenna_trial,trumpet_trial,squirrel_trial,rice_trial,cassette_trial,cheese_trial,marshmallow_trial,kimono_trial,envelope_trial,dentist_trial,carrot_trial,seagull_trial,buffet_trial,turkey_trial,claw_trial,blender_trial,omelet_trial,cake_trial,barrel_trial,farm_trial,bouquet_trial,scoop_trial,pitcher_trial,tunnel_trial,locker_trial,hamster_trial,clothespin_trial,sandbag_trial,turtle_trial,ball_trial,caramel_trial,calendar_trial
QF7WB7,gf15f2dg,6.9041,0,,2024-01-03 21:48,0.8571,35,1,1,1,1,1,1,1,1,1,1,1,0,1,1,1,1,1,1,0,1,1,1,1,1,1,1,1,1,0,1,1,1,0,1,0,NA,NA,NA,NA,NA,NA,NA,NA,NA,NA,NA,NA,NA,NA,NA,NA,NA,NA,NA,NA,NA,NA,NA,NA,NA,NA,NA,NA,NA,NA,NA,NA,NA,NA,NA,NA,NA,NA,NA,NA,NA,NA,NA,NA,NA,NA,NA,NA,NA,NA,NA,NA,NA,NA,NA,NA,NA,NA,NA,NA,NA,NA,NA,NA,NA,NA,NA,NA,NA,NA,NA,NA,NA,NA
GYc4XQ,gc07213g,6.7945,0,,2024-02-03 23:06,0.8932,103,1,0,0,1,1,1,0,1,1,1,1,1,0,NA,1,1,1,0,1,1,1,1,1,1,1,1,1,1,1,1,1,1,NA,1,1,1,1,1,1,1,1,1,1,1,1,1,1,1,1,1,1,1,1,1,0,1,1,1,1,1,1,1,0,1,0,1,1,1,1,1,1,1,1,1,0,1,0,1,1,1,1,1,1,1,0,1,1,1,1,1,1,1,1,1,1,1,1,1,1,1,1,1,1,1,1,NA,NA,NA,NA
cKBT7M,g2d4e7fg,5.5068,0,,2023-12-28 18:13,0.7379,103,NA,0,1,0,1,1,0,1,1,0,1,0,0,1,NA,1,1,0,0,0,1,0,1,1,1,0,1,1,1,1,1,NA,0,1,1,1,1,1,1,1,1,0,1,0,1,1,1,1,1,1,1,1,0,1,0,1,1,1,0,1,NA,1,1,1,1,1,1,1,1,1,1,1,1,0,1,0,0,0,1,1,1,0,0,1,1,1,NA,1,1,1,1,1,1,NA,1,1,0,0,1,0,1,1,1,1,1,1,1,0,1
RBNRA3,g6f6dc0g,3.1233,0,,2024-01-18 21:58,0.3204,103,0,0,NA,1,1,0,0,0,0,1,1,0,0,0,1,0,0,0,0,1,0,0,0,0,0,1,0,NA,0,1,1,NA,0,1,NA,0,0,0,0,0,0,1,1,0,0,0,0,0,1,0,0,0,0,1,1,1,0,0,0,0,0,1,0,1,NA,0,0,1,0,1,1,0,1,0,0,0,0,0,0,0,0,0,1,1,1,1,1,1,1,0,1,0,1,0,1,0,0,0,0,0,0,0,0,0,NA,1,0,0,0
MYPGHC,gd6edfcg,5.2329,0,,2024-02-09 04:27,0.6117,103,0,0,0,0,1,1,0,0,0,0,1,0,0,NA,1,1,0,0,0,1,1,0,0,0,1,0,1,1,0,1,1,1,0,1,1,1,NA,0,1,0,1,0,1,0,1,1,1,NA,1,1,0,1,0,1,0,0,0,0,1,1,NA,1,0,0,1,1,NA,1,1,1,1,1,0,1,0,0,0,1,1,1,1,0,1,1,1,1,1,0,1,1,1,1,1,0,1,1,1,NA,1,1,1,1,1,1,0,1,1,0,1
MGZ54X,g0787cdg,7.0959,0,,2024-01-02 01:38,0.7864,103,1,1,1,0,1,1,1,1,1,1,1,0,0,1,1,1,1,0,1,0,0,0,1,1,1,0,1,1,1,0,1,1,0,1,1,1,1,0,1,1,1,1,1,0,1,1,1,1,1,0,1,1,1,1,0,1,1,1,0,1,0,1,0,1,NA,1,1,1,NA,1,1,1,1,1,1,1,1,1,1,NA,1,1,1,1,0,1,1,1,1,1,1,1,NA,1,1,1,1,0,1,0,1,0,1,1,1,NA,NA,0,1
4H7XUW,g95c6abg,4.2192,0,,2024-01-17 23:38,0.4369,103,1,0,1,0,1,0,1,0,0,1,1,0,0,1,1,1,0,0,0,1,0,0,1,0,NA,0,0,0,0,0,1,NA,0,1,1,1,NA,1,0,NA,1,0,1,0,0,0,1,0,1,0,0,0,0,1,0,0,1,0,1,0,1,0,1,0,0,1,1,0,1,0,1,1,0,0,1,0,0,0,1,1,1,0,1,1,0,1,0,1,NA,1,1,0,0,0,1,1,0,NA,0,0,1,0,0,0,1,0,1,0,0
YSEKCH,g33c71ag,4.1096,0,,2024-01-07 00:54,0.7429,35,1,NA,1,NA,1,NA,0,NA,NA,1,NA,NA,0,NA,1,NA,NA,NA,NA,NA,1,1,NA,NA,1,0,NA,NA,NA,NA,1,NA,NA,NA,NA,1,NA,NA,NA,1,NA,1,NA,NA,NA,0,NA,NA,NA,NA,0,NA,NA,NA,NA,1,1,NA,0,NA,NA,NA,0,NA,1,NA,1,NA,NA,1,NA,NA,NA,1,NA,NA,0,1,NA,1,1,1,NA,NA,NA,NA,NA,1,NA,NA,1,NA,NA,NA,NA,NA,NA,NA,NA,0,NA,NA,1,1,NA,NA,NA,NA,NA
YKYEQV,gd87195g,5.7808,0,,2024-01-11 02:53,0.5437,103,0,0,1,0,1,1,0,0,1,NA,1,0,0,1,0,1,1,0,0,1,1,0,1,0,0,0,1,1,0,0,NA,1,0,1,0,1,1,0,1,0,0,0,0,1,0,1,1,0,0,1,1,1,1,1,0,1,1,0,0,0,1,1,0,1,1,1,NA,1,1,1,NA,1,1,NA,1,0,0,0,0,1,1,0,0,1,0,0,1,1,1,0,1,1,1,0,NA,1,1,0,1,0,1,0,1,1,0,1,0,0,1
d6KUUR,gaf0a6cg,6.3014,0,,2024-01-01 23:52,0.8932,103,1,0,1,0,1,1,0,1,1,1,1,0,0,1,1,1,1,1,1,1,1,1,1,1,1,1,1,1,1,1,1,1,0,1,1,1,1,1,NA,1,NA,0,1,1,NA,1,1,1,1,1,1,1,1,1,0,1,1,1,1,1,1,1,0,1,1,1,NA,1,1,1,1,1,1,1,1,1,0,1,1,1,1,1,1,1,NA,1,1,1,1,NA,1,1,1,1,1,1,1,1,1,0,1,1,1,1,1,1,1,1,1
dGVENd,gb1b61ag,5.0137,0,,2023-12-28 15:40,0.6408,103,1,0,NA,0,1,1,1,0,1,0,1,0,1,1,1,NA,0,0,1,1,1,0,0,1,0,0,0,1,0,1,0,1,0,1,1,1,1,1,1,1,1,0,1,0,1,0,0,1,1,0,0,0,0,1,0,1,1,NA,0,1,1,1,1,1,1,1,NA,1,NA,1,0,1,1,1,1,0,0,1,1,1,1,0,1,1,1,NA,1,1,1,1,1,1,0,0,1,0,1,0,1,0,1,0,1,0,0,1,1,1,1
M7FWWC,g51a009g,3.0959,0,,2024-01-21 15:18,0.3301,103,0,NA,0,0,1,0,1,0,0,0,0,0,0,1,1,0,0,NA,0,0,0,0,0,0,0,0,0,1,0,1,1,NA,0,0,0,0,1,NA,0,0,0,NA,1,0,0,1,0,1,1,0,0,0,0,0,0,1,0,0,1,0,0,0,0,0,0,0,1,1,1,1,0,1,1,1,0,0,1,0,0,1,0,0,0,1,0,0,1,1,0,0,0,0,0,0,1,0,1,0,1,0,1,1,1,0,NA,1,1,0,0
W677WM,g222b7eg,3.1233,0,,2024-01-30 14:17,0.2621,103,1,0,0,0,0,0,1,0,0,0,NA,0,0,0,0,0,0,0,0,0,0,0,1,0,1,0,0,0,0,0,0,NA,0,1,1,0,0,0,1,0,1,0,0,0,1,0,NA,0,1,0,1,1,0,1,0,1,0,0,0,1,0,1,0,1,0,1,0,0,0,0,0,0,0,0,0,NA,0,0,0,0,NA,1,0,1,0,1,0,0,0,NA,0,0,0,1,0,0,0,0,0,1,1,0,0,1,0,1,1,0,0
ZEG3DE,gc14a27g,3.2329,0,,2023-12-28 20:16,0.4,70,0,NA,0,1,1,0,NA,0,NA,NA,NA,1,NA,NA,NA,1,0,0,0,0,0,0,0,0,0,1,NA,1,NA,NA,1,1,NA,1,1,1,NA,0,0,NA,1,0,1,NA,0,0,0,NA,1,NA,NA,1,NA,NA,NA,0,0,NA,0,NA,0,1,0,1,0,0,0,0,0,0,0,0,1,NA,0,1,0,1,NA,NA,0,1,NA,1,NA,NA,0,0,NA,NA,NA,1,NA,1,0,1,1,1,NA,0,NA,0,NA,NA,0,1,NA,0,NA
EDDWHV,g467e75g,3.5068,0,,2024-03-24 20:34,0.7087,103,1,1,1,1,1,1,0,1,1,1,1,1,0,NA,1,1,0,0,0,NA,1,0,0,0,1,0,0,1,1,1,1,NA,0,1,1,1,1,1,1,0,1,0,1,0,NA,1,1,0,1,0,1,1,1,NA,0,1,1,1,1,1,NA,1,1,0,1,1,1,0,1,1,1,0,1,1,1,0,0,1,1,1,1,1,0,1,0,1,1,1,1,0,1,0,1,0,1,1,1,1,1,0,1,1,1,1,0,1,1,0,1
5F6HCd,g1eaa42g,6.9041,0,,2023-12-31 03:03,0.9223,103,1,0,1,0,1,1,1,1,1,1,1,0,1,1,1,1,1,0,1,1,1,1,1,1,1,NA,1,1,1,1,1,1,1,1,1,1,1,NA,1,1,1,1,1,1,1,1,1,1,1,1,1,1,1,1,1,1,1,1,1,1,1,1,1,1,0,1,NA,1,1,1,1,1,1,1,1,1,1,1,1,1,1,1,0,1,1,1,1,1,1,NA,1,0,1,0,1,1,1,1,1,NA,1,1,1,NA,1,1,1,1,1
Z5NGD4,g43f900g,4.9315,0,,2023-12-28 16:33,0.7476,103,1,0,1,1,1,1,0,1,0,1,1,NA,0,1,1,1,0,0,1,1,1,1,1,1,0,0,1,1,1,1,1,1,0,1,1,1,1,1,1,1,0,1,1,1,1,0,0,1,1,1,1,1,1,NA,0,1,1,0,1,1,1,1,0,1,0,1,NA,1,1,1,1,1,NA,1,1,0,0,0,1,0,1,1,1,1,0,1,0,1,1,1,1,0,1,1,1,NA,1,1,NA,0,1,1,1,1,0,1,1,0,1
QV5JDS,g57ced9g,5.589,0,,2023-12-30 03:19,0.7714,35,1,NA,NA,NA,1,NA,NA,NA,NA,NA,NA,NA,0,0,NA,NA,1,NA,1,NA,NA,NA,1,NA,1,NA,NA,NA,1,1,1,1,NA,NA,1,NA,NA,NA,NA,NA,1,NA,NA,NA,1,NA,1,NA,1,1,NA,1,1,NA,0,NA,NA,NA,NA,NA,NA,1,NA,NA,1,NA,NA,NA,NA,NA,NA,NA,NA,NA,NA,0,NA,NA,NA,1,NA,0,1,NA,NA,0,NA,NA,NA,1,NA,NA,NA,0,1,NA,NA,1,1,NA,NA,NA,NA,NA,1,NA,NA,0,NA
WG2RNH,ga697d5g,4.4658,0,,2024-01-02 01:48,0.7476,103,0,NA,1,0,1,1,0,1,1,1,1,0,1,NA,1,1,1,1,1,1,1,0,1,1,0,1,1,1,1,1,1,NA,0,1,1,1,1,1,1,1,1,0,1,0,1,0,0,1,1,1,1,1,1,1,0,1,0,0,0,0,1,1,1,1,0,0,1,1,1,1,1,NA,1,1,0,0,0,1,1,1,1,NA,1,1,1,1,1,1,1,0,1,0,1,NA,1,1,1,1,1,0,1,1,1,1,1,1,1,0,0
ScPEdC,gd1cc65g,4.137,0,,2024-01-10 21:14,0.3495,103,0,1,0,0,0,NA,0,1,1,0,1,0,0,0,1,0,0,0,0,0,0,0,0,0,1,0,NA,1,0,1,1,NA,0,1,1,NA,0,0,0,0,0,0,1,0,NA,0,0,0,0,1,0,1,1,0,0,1,0,0,1,0,0,1,0,1,0,1,1,1,0,0,0,1,1,1,1,0,0,0,1,NA,0,0,1,1,0,0,0,0,0,0,0,0,1,0,0,1,1,0,1,0,1,0,0,0,0,1,1,0,0
QRSFNT,gea2035g,4.4932,0,,2024-01-25 19:20,0.6019,103,0,0,1,0,1,1,1,1,1,0,1,0,0,1,1,1,0,1,0,0,0,0,1,1,0,0,1,1,0,1,1,1,0,1,1,1,1,0,NA,1,NA,0,1,0,1,1,1,0,0,NA,1,0,1,1,NA,1,1,1,0,1,1,1,0,0,1,0,NA,1,1,1,1,1,0,1,0,0,0,1,1,1,1,0,1,NA,1,1,0,1,0,1,1,0,1,0,1,1,0,0,0,0,1,1,1,1,0,0,1,1,0
WKABYW,gf9fce9g,6.2192,0,,2023-12-29 19:42,0.7767,103,0,0,1,0,1,1,1,1,1,1,1,0,1,1,1,1,1,1,1,0,0,1,1,1,1,0,1,1,1,1,1,1,0,1,1,1,NA,1,1,1,1,0,1,0,1,0,1,NA,1,1,1,1,NA,1,NA,1,1,1,0,1,1,1,1,0,0,1,NA,1,1,0,1,1,1,1,1,1,0,0,1,0,1,1,0,1,NA,1,0,1,1,1,0,1,1,1,1,1,1,1,1,0,1,1,0,1,1,1,1,1,1
64AUTM,g3f58d7g,4.3836,0,,2024-01-05 23:07,0.7282,103,1,0,1,1,1,1,1,1,0,0,1,0,1,NA,1,1,1,1,1,1,1,1,1,1,1,0,1,1,1,1,1,1,NA,1,1,1,1,1,1,1,1,0,1,1,1,0,0,0,1,1,0,0,1,0,0,1,1,1,0,NA,0,1,0,1,0,1,1,1,1,0,0,0,1,NA,0,1,0,0,1,1,1,0,0,1,1,1,1,1,1,1,1,1,1,1,1,1,0,1,1,0,1,NA,1,1,1,1,NA,0,1
T7UPSF,g8d41aag,6.9863,0,,2024-01-03 15:19,0.8932,103,1,0,1,0,1,1,1,1,1,1,1,1,1,1,1,1,1,1,1,0,1,1,1,1,1,1,1,1,1,1,1,1,0,1,1,1,1,1,1,1,0,0,1,NA,1,1,1,0,0,1,1,1,1,1,1,NA,1,1,1,1,1,NA,1,1,1,1,1,1,1,1,1,1,1,NA,NA,1,1,1,1,1,1,1,1,1,1,1,0,1,1,1,1,1,1,1,1,1,1,1,1,1,1,1,1,0,1,1,NA,0,1
JPYFRR,gc8c4ffg,4.137,0,,2024-01-18 23:45,0.767,103,1,0,1,1,1,1,1,1,NA,1,1,1,0,1,1,1,1,0,1,1,1,1,1,0,1,1,1,1,0,1,1,1,0,1,1,1,1,0,1,1,0,0,1,0,1,0,NA,0,1,1,1,0,1,1,1,1,1,0,1,1,0,1,0,1,1,0,1,1,1,1,1,1,1,1,1,0,NA,1,1,1,1,1,0,1,0,1,1,1,1,NA,1,0,1,NA,0,1,1,0,1,0,1,1,1,1,1,1,NA,1,1
G6PNDc,g9b7ecdg,5.8904,0,,2024-03-06 23:46,0.835,103,1,1,1,1,1,1,1,1,0,1,1,0,1,1,1,1,1,0,0,0,1,0,1,1,1,NA,1,1,1,1,1,1,0,1,1,1,1,1,1,1,1,0,1,1,1,1,1,1,1,1,NA,1,1,1,1,1,1,1,1,0,NA,1,0,1,1,1,NA,1,1,1,1,1,0,1,1,1,1,1,1,0,1,1,0,1,0,1,1,1,1,1,1,1,1,1,1,1,NA,0,1,1,1,1,1,0,1,1,1,0,NA
WXDVBP,g20cc74g,3.3425,0,,2023-12-28 13:27,0.3592,103,0,0,0,0,1,0,0,0,0,0,1,0,0,NA,1,0,0,NA,0,0,1,0,1,0,0,NA,0,0,1,1,0,0,0,1,0,0,1,0,0,0,1,0,1,0,0,1,0,0,0,1,1,1,1,1,0,1,0,0,0,1,1,1,0,1,1,0,1,0,0,0,1,0,0,0,0,0,1,0,0,1,1,0,0,1,0,0,0,1,0,0,1,0,0,0,1,0,0,0,0,NA,1,NA,1,0,1,1,NA,0,1
V3PYJc,g7331d8g,5.9726,0,,2024-01-05 17:11,0.6893,103,0,0,0,0,1,1,0,1,1,1,1,0,0,1,1,1,0,1,0,0,1,0,1,1,NA,0,1,NA,1,1,1,1,0,1,1,1,1,1,1,1,1,0,1,0,1,0,1,0,1,1,0,1,0,1,0,1,1,1,NA,1,1,1,0,1,0,1,NA,0,1,1,0,1,1,1,0,1,0,0,NA,1,1,0,0,1,1,1,1,1,1,1,1,NA,1,1,1,1,1,1,1,0,1,1,1,1,0,0,1,1,1
WYN2UT,g9dfcdag,4.4384,0,,2024-03-05 22:05,0.6019,103,0,0,0,0,1,1,0,0,1,1,1,0,NA,0,1,1,1,0,1,0,0,0,1,1,0,1,0,NA,0,1,1,1,0,1,1,1,1,0,1,1,1,1,1,0,1,0,1,1,0,1,0,1,1,1,NA,1,1,0,0,0,0,1,0,1,1,1,NA,NA,1,1,0,1,1,1,1,0,0,1,1,1,1,0,0,NA,0,0,1,1,1,0,1,1,0,1,1,0,0,0,1,0,0,1,1,1,1,1,1,0,1
S45K7Z,g5c09a0g,5.6164,0,,2024-02-07 22:41,0.8143,70,1,0,NA,NA,1,NA,NA,1,1,NA,1,1,NA,NA,1,NA,0,0,0,1,1,1,1,NA,1,NA,1,1,1,1,1,1,1,1,NA,1,NA,1,1,NA,NA,0,1,0,NA,1,1,NA,NA,NA,1,NA,1,NA,NA,1,1,NA,NA,1,NA,NA,NA,1,1,NA,NA,NA,1,1,1,1,1,1,0,NA,0,0,NA,1,1,1,NA,NA,0,NA,1,NA,NA,1,1,1,1,0,1,1,1,0,1,NA,1,1,1,0,1,NA,1,NA,1
26XY5Z,gd25f05g,3.7534,0,,2024-02-14 00:50,0.6311,103,0,0,1,1,1,1,0,NA,1,1,1,1,0,1,1,1,1,0,1,1,1,1,1,1,1,1,1,1,0,1,1,NA,0,1,1,0,0,0,1,1,0,1,1,1,1,0,1,0,0,0,0,1,1,NA,0,1,0,1,0,1,0,NA,0,1,1,1,1,0,0,1,0,1,0,1,1,0,1,0,1,1,1,0,0,1,0,1,NA,1,1,0,1,NA,1,0,1,1,1,0,0,0,1,1,0,0,1,1,1,0,1
X5RARR,g9cd468g,6.7123,0,,2024-01-01 16:04,0.8641,103,1,0,1,0,1,NA,1,1,1,1,1,0,1,1,1,1,1,0,NA,1,NA,0,1,1,1,NA,1,1,1,1,1,1,0,1,1,1,1,1,1,1,1,0,1,1,1,0,1,0,1,1,1,1,1,1,0,1,1,1,1,1,1,1,1,1,1,1,1,1,1,1,1,1,1,1,1,1,0,0,1,1,1,0,1,1,1,1,NA,1,1,1,1,0,1,1,1,1,1,1,1,1,1,1,1,1,1,1,NA,1,1
4SMD5U,gd8d8a8g,4.0548,0,,2024-01-24 12:41,0.5534,103,0,0,1,0,1,1,0,0,0,0,1,0,NA,1,1,1,0,0,0,1,0,0,1,1,NA,0,1,1,0,1,1,1,0,1,1,1,0,0,0,1,0,1,1,0,1,1,1,0,1,1,0,1,0,1,0,1,0,0,0,1,1,1,0,1,0,1,NA,1,1,1,0,1,1,1,0,1,0,1,0,1,1,1,0,NA,0,NA,0,1,1,1,1,0,0,0,1,1,0,0,1,0,1,0,0,NA,1,1,1,0,1
7DEG6c,g23ee2bg,5.7808,0,,2024-01-17 04:26,0.8447,103,1,0,1,0,1,1,0,NA,1,0,1,1,0,1,1,1,1,1,0,1,1,1,1,1,1,1,1,1,1,1,1,NA,0,1,1,1,1,1,1,1,NA,0,1,1,NA,0,1,1,1,1,NA,1,1,1,1,1,1,0,1,1,1,1,1,1,1,1,1,1,1,1,0,1,1,0,0,0,0,1,1,1,1,1,1,1,1,1,1,1,1,1,1,1,1,1,1,1,1,1,1,1,1,1,1,NA,1,1,1,0,1
dTQ6JP,ge193adg,5.6986,0,,2024-01-04 01:33,0.7087,103,0,0,1,1,0,1,0,NA,1,1,1,1,1,1,1,1,1,0,0,1,1,1,0,1,0,NA,0,1,0,1,1,NA,1,1,1,1,1,0,1,1,1,0,1,0,0,NA,1,0,1,1,1,0,0,NA,0,1,1,1,1,1,1,0,1,1,1,1,1,1,1,1,1,1,1,1,1,0,0,1,1,1,1,0,0,1,0,1,1,1,1,1,1,0,1,1,1,0,0,0,1,0,1,1,1,0,NA,1,1,1,1
7GCSNG,g187825g,5.1781,0,,2024-01-06 19:45,0.7184,103,1,1,1,1,1,1,1,1,0,1,1,0,0,1,NA,1,1,0,0,1,1,1,0,1,0,1,1,1,0,1,1,1,0,1,1,1,1,NA,0,1,0,1,1,0,1,0,1,1,1,1,0,1,1,NA,0,1,1,1,0,0,1,1,1,1,0,1,NA,1,1,1,1,1,NA,1,NA,0,0,0,0,1,1,1,1,1,1,1,1,1,1,1,1,0,1,0,1,1,1,0,1,0,1,0,1,0,1,1,1,0,1
2QEZVZ,g6af136g,4.8219,0,,2024-01-25 16:17,0.835,103,0,0,1,0,NA,1,1,1,1,1,1,0,1,1,1,1,1,1,1,0,1,1,1,1,1,1,1,1,1,1,1,1,0,1,1,1,1,0,1,1,1,1,1,0,1,1,1,0,1,1,1,1,1,NA,0,1,1,1,1,1,1,NA,1,1,1,1,NA,1,1,1,1,1,1,1,1,1,0,1,NA,1,1,0,0,1,0,1,0,1,1,1,1,1,1,1,1,1,1,1,1,1,1,1,1,1,NA,0,1,0,1
W3DZDL,gd88d65g,6.8767,0,,2024-01-06 19:10,0.7714,35,NA,NA,NA,1,NA,NA,1,NA,1,NA,NA,NA,NA,NA,NA,1,NA,1,0,NA,NA,NA,1,NA,NA,1,0,1,NA,NA,NA,1,NA,1,NA,NA,NA,NA,NA,1,NA,NA,NA,NA,1,0,1,0,NA,NA,1,1,NA,NA,0,NA,NA,0,NA,NA,NA,1,NA,NA,1,NA,NA,NA,NA,1,NA,NA,1,NA,NA,NA,NA,NA,NA,NA,1,1,0,1,NA,1,NA,1,NA,NA,NA,NA,NA,NA,NA,NA,NA,0,1,NA,1,NA,1,NA,NA,NA,NA,NA,NA
RMKTcP,gf896bdg,4.6027,0,,2024-01-18 19:31,0.7087,103,1,0,0,1,1,1,1,0,1,0,1,0,0,1,0,1,1,0,0,1,1,1,1,1,1,0,1,1,0,1,NA,NA,0,1,1,1,1,NA,1,1,1,0,1,1,1,0,1,1,1,1,1,1,0,1,0,1,1,0,0,1,0,0,1,1,0,0,1,1,1,1,1,1,1,1,1,0,0,0,1,1,1,0,1,1,0,1,1,1,1,1,1,0,0,1,1,NA,1,1,1,1,NA,NA,1,1,1,1,1,0,1
3AG3TV,gfedf1fg,3.6712,0,,2024-02-24 22:36,0.6117,103,0,0,1,0,0,1,0,1,0,1,1,1,1,1,0,0,1,1,1,0,1,1,1,1,1,0,1,1,1,1,1,NA,0,0,1,0,0,1,0,1,1,0,1,1,1,0,0,1,0,NA,1,1,0,0,1,1,1,0,1,1,0,1,0,1,1,0,1,0,1,1,0,NA,1,0,NA,0,1,0,1,1,1,0,0,1,1,1,1,0,0,1,1,NA,0,1,0,1,1,1,0,0,1,1,NA,0,1,1,0,1,1
Dc2YQN,g01c26bg,6.6027,0,,2024-02-20 00:31,0.8058,103,1,1,1,NA,1,1,1,1,1,1,1,0,0,1,1,1,NA,1,0,1,1,0,0,NA,1,1,1,1,1,1,1,1,0,1,1,1,1,1,1,1,1,0,1,0,1,0,1,1,1,1,1,1,0,1,0,1,1,1,1,1,1,1,0,1,0,1,1,1,1,1,1,1,1,NA,1,0,0,0,1,1,1,0,1,1,0,1,1,1,1,1,1,0,1,1,1,1,1,1,1,0,1,1,1,1,1,1,NA,1,NA
JTEGPX,g5ec93fg,5.6438,0,,2024-01-11 01:35,0.8447,103,1,1,1,1,1,1,1,1,1,0,1,0,1,1,1,1,0,1,1,0,1,1,1,1,1,1,1,1,0,1,1,NA,0,1,1,1,1,1,NA,1,1,1,1,1,1,0,1,0,1,1,1,1,NA,1,0,1,1,1,1,1,1,1,1,1,0,1,1,1,1,1,1,1,1,1,1,NA,1,1,1,1,1,NA,0,1,0,1,0,1,1,1,1,0,1,0,1,1,1,1,NA,0,1,1,1,1,1,1,1,1,1
K6RKEC,g25d9deg,3.589,0,,2024-02-15 21:47,0.3883,103,0,0,0,0,0,0,1,0,1,NA,1,1,0,1,1,1,1,0,1,0,1,0,0,0,0,0,1,1,0,1,1,0,0,1,0,0,1,0,0,1,0,0,1,0,0,0,0,0,1,1,0,1,0,0,1,1,0,0,0,0,0,1,0,1,0,NA,1,0,0,0,NA,0,0,1,0,0,0,0,1,1,1,0,1,NA,0,0,0,0,0,1,0,1,NA,1,1,0,0,0,0,1,1,1,1,0,0,0,NA,0,1
SPWGVW,g7864abg,4.7945,0,,2024-03-21 22:38,0.767,103,0,NA,1,1,1,1,0,1,1,1,1,1,0,1,1,1,0,0,0,1,1,0,1,1,1,1,1,1,0,1,1,NA,1,1,1,1,1,1,1,1,1,1,1,0,1,0,1,1,1,0,1,1,1,1,0,1,1,0,1,1,1,1,1,1,NA,1,1,1,1,NA,0,1,1,1,1,1,1,1,1,1,1,0,0,1,0,0,1,NA,0,0,1,0,1,1,1,0,1,NA,1,1,1,1,1,0,1,1,1,0,1
cVD6NM,g5655f1g,4,0,,2023-12-30 18:02,0.6893,103,0,0,1,0,1,1,1,0,1,1,1,0,0,1,NA,0,0,1,1,0,0,0,1,1,1,1,1,1,1,1,1,1,1,1,1,1,NA,1,1,1,1,NA,1,0,1,0,1,0,1,NA,1,1,1,1,0,1,0,0,1,1,1,0,0,1,0,0,1,1,1,1,1,1,1,1,1,1,0,0,1,1,1,0,1,NA,0,0,1,1,1,0,1,1,1,1,1,0,0,1,1,0,1,1,1,1,1,1,NA,0,0
6AQMPY,g253011g,4.1644,0,,2024-01-13 15:11,0.4854,103,0,0,0,0,1,0,0,NA,1,NA,1,0,0,1,1,1,0,0,0,1,1,1,0,1,0,0,0,1,0,0,1,1,1,1,0,0,0,0,0,0,0,0,1,0,0,1,1,1,0,1,NA,1,1,1,0,0,1,1,0,0,1,1,NA,1,0,0,0,0,1,1,1,1,1,1,1,0,0,1,0,0,0,1,0,NA,0,1,1,0,0,0,1,1,1,0,1,0,1,0,1,0,0,1,1,1,1,1,NA,0,0
UV2CUB,gf5b902g,5.1507,0,,2024-02-13 18:58,0.7282,103,1,0,1,0,1,NA,1,1,1,1,1,0,1,1,1,1,0,0,0,0,1,0,1,1,1,0,0,1,1,1,1,1,1,1,0,1,1,1,1,1,1,1,1,1,1,0,1,0,0,1,1,1,0,1,1,1,1,1,0,0,0,1,1,1,NA,1,1,1,NA,1,1,1,1,1,0,0,NA,1,1,1,1,1,1,1,0,1,1,1,0,1,1,0,1,0,1,1,1,0,1,0,1,0,1,1,0,1,NA,1,NA
JAdGdW,gc2a0edg,4.8767,0,,2024-01-10 20:55,0.6,70,NA,NA,1,NA,NA,NA,0,NA,NA,0,0,NA,NA,1,1,NA,1,NA,0,1,0,0,0,1,1,0,NA,NA,0,NA,NA,0,NA,NA,1,1,0,0,1,1,1,0,NA,0,1,1,1,NA,0,NA,1,NA,NA,NA,NA,NA,NA,NA,NA,1,1,1,0,1,1,NA,1,1,1,1,0,1,1,1,1,NA,0,0,1,NA,NA,0,1,1,0,0,NA,1,NA,NA,1,0,1,NA,1,1,0,0,NA,0,1,NA,1,0,1,1,NA,0,1
DAUYXC,gae3585g,3.5068,0,,2024-01-24 20:49,0.4757,103,0,0,0,0,1,1,0,0,1,1,1,0,NA,0,1,1,0,NA,0,0,1,0,1,1,0,0,0,0,1,1,1,1,NA,0,1,0,1,1,0,0,NA,0,1,0,1,0,0,0,1,1,1,0,0,0,0,1,0,0,0,1,0,0,0,1,1,1,NA,1,0,1,1,1,1,0,0,0,0,0,1,1,0,0,0,0,1,0,1,1,0,0,NA,1,1,1,1,0,0,0,1,1,1,1,0,0,1,1,1,0,1
TFASL4,g1ea945g,3.9452,0,,2024-01-22 20:56,0.6505,103,0,0,1,1,1,1,1,0,0,1,NA,0,0,1,1,1,1,0,0,0,1,1,1,NA,1,0,0,1,1,1,1,1,0,1,1,0,1,1,1,1,0,1,1,0,1,0,NA,0,1,1,0,1,NA,1,0,1,0,0,0,1,0,1,0,1,NA,0,NA,1,1,0,1,1,1,1,1,1,0,1,1,1,1,0,0,1,0,1,1,1,1,0,1,1,1,0,1,0,0,1,0,0,1,1,1,1,1,1,1,1,1
B6BCB2,g928a92g,5.4795,0,,2024-01-27 01:09,0.7379,103,1,0,1,0,1,1,1,1,1,1,1,1,0,1,1,0,1,0,NA,1,1,0,0,1,0,1,0,1,0,1,1,NA,0,1,1,1,1,1,0,1,1,1,1,NA,1,0,1,0,1,1,1,1,1,1,0,1,0,1,1,1,0,NA,0,1,1,0,1,1,1,1,1,1,1,1,1,0,0,1,1,1,1,1,1,1,0,1,0,1,1,1,1,1,1,1,1,0,1,0,0,0,1,1,1,1,1,1,1,NA,NA
ZETAWC,g745316g,5.2603,0,,2024-01-25 23:59,0.835,103,0,1,1,1,NA,1,0,1,1,1,NA,0,0,1,1,1,1,1,1,1,1,1,1,1,1,1,1,1,0,1,1,1,1,1,1,NA,1,0,1,1,NA,0,1,1,1,0,1,1,1,1,NA,1,1,1,0,1,1,1,1,1,1,1,1,1,0,1,1,1,1,1,1,1,1,1,1,1,1,0,1,1,1,1,0,1,0,1,1,1,1,1,1,1,1,1,1,0,1,1,1,0,1,1,1,0,1,1,NA,0,1
FSMG67,g2b24fdg,5.3151,0,,2024-01-04 01:49,0.9143,35,NA,NA,NA,NA,1,NA,NA,1,1,NA,NA,1,NA,NA,NA,NA,NA,NA,NA,NA,NA,1,NA,1,1,NA,NA,NA,NA,NA,1,NA,NA,1,NA,NA,NA,1,NA,NA,NA,0,1,0,NA,NA,NA,NA,1,NA,NA,NA,NA,1,NA,NA,1,1,1,0,NA,NA,NA,NA,NA,NA,NA,1,NA,NA,1,1,NA,NA,1,1,NA,NA,1,1,NA,NA,NA,1,NA,1,NA,NA,NA,NA,1,NA,1,NA,1,NA,NA,NA,NA,NA,1,NA,NA,NA,NA,1,1,NA,1
VLRP67,g0d0e0eg,3.6438,0,,2024-02-22 21:05,0.4466,103,0,1,1,0,1,NA,0,1,0,0,1,0,1,0,1,1,0,0,0,1,1,0,1,0,0,0,0,1,1,1,1,NA,0,1,1,0,0,0,1,0,0,0,1,NA,1,0,0,1,1,1,0,NA,NA,1,0,1,0,1,1,0,0,1,0,1,0,1,1,1,1,1,0,1,0,0,0,1,0,0,1,0,0,1,0,1,0,0,0,1,0,0,1,0,1,1,1,0,0,0,0,NA,0,1,0,0,0,1,0,0,0
YDZZHB,g7f128ag,3.9452,0,,2024-02-17 21:10,0.6699,103,1,1,1,NA,1,1,0,1,1,0,1,0,0,1,1,1,1,0,1,1,1,0,1,0,0,0,1,1,0,1,1,1,0,1,1,NA,0,1,1,1,1,0,1,1,1,1,1,0,0,1,0,1,1,1,NA,1,1,1,0,1,0,1,0,1,1,1,NA,1,1,1,0,1,1,NA,1,0,0,0,NA,1,1,1,0,0,0,0,0,1,1,1,1,1,1,1,1,1,1,0,0,1,1,1,1,0,1,1,0,0,0
EKMUUd,g5c92eag,5.9452,0,,2024-02-03 02:35,0.5728,103,1,1,1,0,0,1,1,0,1,0,0,0,0,1,1,1,0,0,1,NA,1,NA,0,1,0,1,1,1,1,1,1,NA,0,1,0,1,1,0,1,1,1,0,1,0,1,0,0,0,1,1,0,0,1,0,0,1,0,1,NA,0,0,1,0,1,0,1,1,1,1,1,1,1,1,1,1,0,0,0,0,1,1,0,1,1,0,NA,0,1,1,0,1,0,1,1,1,1,0,0,1,0,1,0,1,0,0,NA,1,0,1
SHVSRT,g02720cg,6.5205,0,,2024-03-11 00:51,0.8252,103,1,NA,1,1,1,1,1,1,1,1,1,0,1,1,1,1,NA,1,0,1,NA,1,1,1,1,1,1,0,0,1,1,1,0,1,1,1,1,1,1,1,0,1,1,0,1,0,1,NA,1,1,0,1,0,1,0,1,1,0,1,1,1,1,1,1,1,1,1,1,1,1,1,1,1,1,1,0,0,0,1,1,1,0,1,1,0,1,1,1,1,1,1,1,1,1,1,1,1,0,1,1,1,1,1,1,1,1,NA,NA,1
PXBHcQ,g36c204g,5.4247,0,,2024-01-01 18:10,0.7573,103,1,0,1,1,1,1,1,1,0,1,1,0,0,1,1,1,1,1,1,NA,0,1,1,1,0,0,0,0,1,1,1,1,1,1,1,1,1,0,1,1,0,0,1,1,1,0,1,1,1,0,0,1,0,1,0,1,1,1,1,1,0,1,0,1,1,1,1,1,1,1,0,1,1,1,1,1,0,1,NA,1,1,NA,0,1,1,0,0,1,1,1,1,1,1,1,1,0,1,1,1,1,NA,NA,1,1,1,1,NA,1,1
EUVM4R,g3f1b14g,3.9726,0,,2024-03-27 21:30,0.4854,103,0,0,0,0,1,1,1,1,0,1,1,1,1,0,1,1,0,0,1,1,0,0,0,1,0,0,1,1,NA,1,1,NA,0,1,1,0,1,0,0,0,1,0,1,0,1,1,0,0,0,1,0,0,1,1,0,1,0,0,0,0,0,1,0,1,0,1,1,NA,0,0,NA,1,NA,1,0,0,0,NA,1,0,1,1,0,1,0,1,1,1,1,0,1,0,1,0,1,0,0,0,0,0,1,0,1,0,1,1,1,0,0
F64THJ,gbd6547g,4.137,0,,2024-01-18 17:42,0.699,103,1,1,0,1,1,1,1,1,0,NA,1,0,1,1,1,0,1,0,1,0,1,1,0,1,0,0,1,1,0,1,1,1,1,1,1,1,0,1,1,1,1,0,1,1,1,0,1,1,1,1,1,0,1,1,0,1,0,1,0,1,1,1,0,1,0,NA,NA,1,1,1,1,1,1,1,1,0,0,NA,1,1,1,1,0,1,0,1,1,1,NA,1,1,NA,1,0,1,1,0,0,1,0,1,0,1,0,0,1,1,0,1
E3FYS4,g16783fg,5.0959,0,,2023-12-30 22:45,0.6311,103,NA,1,1,1,1,1,1,1,NA,1,1,0,0,1,1,0,0,0,0,0,1,1,0,1,1,0,1,1,1,1,1,NA,0,1,1,1,1,1,1,1,1,0,1,0,1,1,1,0,1,1,1,1,0,1,0,1,0,0,1,1,0,1,0,1,0,0,1,0,1,0,0,1,1,0,0,0,1,1,1,1,1,1,1,0,0,0,0,1,0,0,1,0,0,0,1,NA,1,0,1,0,1,1,NA,1,1,1,1,1,NA
UBY7RK,g6403e3g,4.4384,0,,2024-02-09 21:31,0.5631,103,1,1,1,0,1,1,0,NA,0,1,0,0,0,1,1,0,0,0,1,1,1,1,1,1,1,0,0,1,0,1,1,1,0,NA,0,1,0,1,1,1,1,0,1,0,1,0,0,1,1,0,0,NA,0,1,0,1,0,1,0,1,1,1,0,1,0,1,NA,0,1,1,0,1,0,1,0,0,0,0,1,1,1,0,NA,1,0,0,0,1,1,0,1,1,1,0,1,0,0,0,1,1,1,NA,0,0,1,1,1,1,1
MGYFFA,g633600g,4.5205,0,,2024-01-01 22:52,0.6505,103,0,0,1,0,1,1,1,NA,1,1,1,0,0,0,1,1,0,0,1,0,0,1,1,NA,1,0,1,1,1,1,1,NA,0,1,1,1,1,0,1,1,0,0,1,0,1,0,0,1,1,1,1,1,1,1,0,1,1,1,1,1,1,1,0,1,1,0,1,1,1,1,0,0,1,0,0,0,0,1,NA,1,1,NA,0,1,0,0,1,1,0,1,1,1,NA,0,1,1,1,0,1,0,1,1,1,1,1,0,1,0,1
BJE46M,g11b911g,5.4795,0,,2024-01-25 10:11,0.8,35,NA,1,NA,1,NA,1,NA,NA,NA,0,NA,NA,0,NA,NA,1,1,NA,1,NA,NA,NA,NA,NA,NA,NA,NA,NA,NA,1,NA,NA,NA,NA,NA,1,NA,NA,NA,NA,NA,NA,NA,NA,1,0,1,1,NA,NA,NA,NA,NA,NA,NA,NA,NA,NA,NA,NA,1,1,NA,NA,1,1,1,NA,NA,1,NA,1,NA,NA,1,0,NA,NA,NA,NA,NA,NA,0,1,1,1,NA,NA,NA,1,NA,0,NA,NA,1,0,NA,NA,NA,NA,1,1,1,NA,NA,NA,NA,NA,1
TEMGYC,gb8a338g,3.8904,0,,2024-01-03 19:41,0.4857,35,0,0,NA,1,NA,NA,0,NA,NA,1,NA,NA,NA,0,1,NA,0,NA,NA,1,NA,NA,NA,NA,NA,NA,NA,NA,NA,1,0,1,NA,NA,0,1,NA,NA,NA,NA,NA,1,NA,NA,0,1,NA,0,NA,NA,NA,NA,NA,1,NA,NA,0,NA,NA,0,0,NA,NA,NA,NA,NA,NA,0,NA,0,0,1,NA,NA,NA,NA,NA,NA,NA,1,1,0,1,1,NA,NA,NA,NA,NA,NA,1,NA,NA,NA,NA,0,NA,NA,NA,NA,1,NA,NA,NA,NA,NA,NA,0,NA
YKXcC2,gfee1e4g,7.0137,0,,2024-01-28 21:10,0.9417,103,1,0,1,0,NA,1,1,1,1,1,1,1,1,1,1,1,1,1,1,1,1,1,1,1,1,1,1,1,1,1,1,NA,1,1,1,1,1,1,1,1,1,1,1,1,1,1,1,1,NA,1,1,1,1,1,1,1,1,NA,1,1,1,1,0,1,1,1,1,1,1,1,1,1,1,1,1,1,0,1,1,1,1,1,1,1,0,1,1,1,1,1,1,0,1,1,1,1,1,1,1,NA,1,1,1,1,NA,1,1,1,1
ZRFNVL,g21b5f2g,4.7123,0,,2024-01-10 16:31,0.7864,103,1,1,1,0,1,1,0,1,1,1,1,0,0,1,1,1,0,1,0,0,1,1,1,1,1,1,1,1,1,1,1,1,0,1,1,1,1,1,1,1,1,1,1,0,1,1,NA,0,1,1,1,1,1,1,1,1,0,0,0,1,1,NA,0,1,1,1,1,1,1,1,1,NA,1,1,1,0,0,0,1,1,1,0,1,1,0,1,1,1,NA,1,1,1,1,0,1,1,1,NA,1,0,1,1,1,1,1,1,NA,1,0
4MB5EU,g1b0f82g,3.6986,0,,2024-01-12 22:33,0.6893,103,0,0,0,1,1,1,1,1,1,NA,NA,0,0,1,1,1,0,0,1,1,0,0,1,1,0,0,1,1,0,1,1,NA,1,NA,1,1,0,1,1,0,1,0,1,1,0,0,0,0,1,1,0,1,1,1,0,1,0,1,1,1,1,1,0,1,0,1,1,1,NA,1,1,1,1,1,1,1,1,1,1,1,1,1,0,0,NA,1,0,1,1,1,1,1,1,1,1,1,0,0,1,1,1,1,1,0,0,1,1,0,1
PVCLTT,ga96605g,4.5479,0,,2024-01-02 14:20,0.6286,35,1,NA,NA,NA,1,NA,0,NA,NA,NA,NA,1,0,NA,NA,1,NA,NA,0,NA,NA,NA,0,NA,NA,0,NA,NA,1,1,1,1,0,1,NA,NA,NA,NA,1,NA,1,NA,NA,0,NA,NA,NA,1,NA,NA,NA,NA,1,NA,NA,NA,1,NA,1,NA,NA,1,NA,NA,NA,NA,NA,NA,NA,NA,0,1,NA,NA,1,NA,NA,NA,NA,NA,NA,1,NA,NA,0,0,NA,NA,NA,NA,NA,NA,NA,NA,NA,1,0,NA,NA,NA,NA,1,NA,0,1,NA,NA,0,NA
UQYKZR,g1de19ag,6.0274,0,,2024-01-02 15:43,0.9417,103,1,0,NA,NA,1,1,1,1,1,1,1,0,1,1,1,1,1,1,0,1,1,1,1,1,1,1,1,1,1,1,1,1,1,1,1,1,1,NA,1,1,1,1,1,1,1,0,NA,1,1,1,1,1,1,1,1,1,1,1,1,1,1,1,1,1,1,1,1,NA,1,1,1,1,1,1,1,0,0,1,1,1,1,1,1,1,1,1,1,1,1,1,1,1,1,1,1,1,1,1,1,1,1,1,1,1,1,1,NA,1,1
73GTAB,g269aadg,6.0822,0,,2024-03-01 23:42,0.8667,75,NA,0,1,1,1,1,1,1,1,1,1,0,1,NA,NA,1,1,0,NA,NA,1,NA,1,1,1,NA,1,1,NA,NA,1,NA,0,1,1,NA,1,NA,1,1,NA,1,NA,1,NA,0,1,1,1,1,NA,1,1,NA,0,1,1,1,NA,1,1,1,1,1,0,NA,1,1,1,1,1,NA,NA,NA,NA,1,1,0,1,NA,1,0,NA,NA,NA,0,1,1,1,1,NA,1,1,1,NA,NA,NA,1,NA,1,1,1,1,1,1,NA,1,1,NA
2V5ScE,gab94dfg,4.5479,0,,2024-01-04 13:32,0.7184,103,0,0,1,1,0,1,1,1,NA,1,1,0,0,1,1,1,0,0,1,0,1,1,NA,1,1,NA,1,1,0,1,1,NA,0,1,1,1,1,0,1,1,1,1,1,1,1,0,1,0,1,1,0,1,1,1,0,1,1,0,1,1,1,1,0,1,0,0,1,1,1,1,1,1,1,1,0,0,0,0,1,1,1,1,0,NA,0,1,0,1,1,0,1,0,1,1,1,1,1,1,0,1,1,1,1,1,1,1,1,NA,1
ARSYcJ,g981c52g,3.3425,0,,2024-01-10 17:28,0.5714,56,0,0,1,NA,1,NA,1,NA,NA,NA,1,0,0,NA,1,1,1,NA,NA,NA,NA,0,0,1,0,0,NA,NA,0,1,1,1,1,1,NA,NA,NA,NA,NA,NA,NA,NA,1,NA,0,NA,1,0,0,NA,NA,1,NA,1,NA,1,0,1,NA,0,1,NA,0,NA,NA,0,NA,NA,1,1,NA,NA,NA,NA,NA,0,0,NA,1,1,NA,NA,0,NA,NA,NA,0,NA,1,1,NA,1,NA,NA,1,0,1,NA,NA,0,NA,1,1,0,1,NA,NA,0,NA
KJDXcV,g0e9683g,3.3151,0,,2024-01-29 17:55,0.5728,103,1,0,1,0,1,0,1,1,0,0,1,0,0,1,1,1,0,NA,0,0,1,0,1,1,0,0,1,0,0,1,1,1,0,1,0,1,0,0,1,1,1,0,1,0,1,0,0,0,1,1,1,1,0,1,0,1,0,1,1,1,1,NA,0,1,0,1,1,1,0,1,1,1,1,1,0,1,0,0,1,0,1,0,1,1,0,0,0,1,0,0,1,1,1,NA,1,1,NA,0,1,0,1,1,NA,1,0,1,NA,0,1
DSNTNF,g319128g,3.3425,0,,2023-12-28 16:46,0.6019,103,1,1,1,0,1,0,1,0,1,1,1,0,0,1,1,0,1,0,0,0,1,0,1,0,0,0,1,1,1,1,1,1,0,1,0,1,0,1,1,0,1,0,1,1,1,0,0,0,0,1,0,1,0,0,0,1,1,0,1,1,1,1,0,1,0,1,NA,1,0,1,1,0,1,1,0,0,1,NA,0,0,1,0,NA,1,0,1,1,1,NA,0,1,NA,1,1,1,1,0,1,1,NA,1,1,1,1,0,1,1,0,1
MTEE2S,ga56b84g,3.863,0,,2024-01-21 21:23,0.5728,103,0,0,1,1,1,0,1,0,0,1,1,0,0,0,1,1,1,0,1,NA,0,0,1,0,0,0,0,1,0,1,1,1,1,1,1,1,1,1,1,0,1,1,1,1,1,0,0,0,1,1,0,1,0,NA,0,1,0,0,0,1,0,1,1,1,0,1,NA,1,1,NA,1,1,0,1,0,NA,0,0,1,0,1,0,0,1,0,1,NA,1,1,1,1,1,1,0,1,0,0,0,0,0,1,0,1,1,1,1,1,1,0
FQXGQC,g6870a2g,4.0822,0,,2024-02-08 00:23,0.2427,103,0,0,1,0,0,0,0,0,0,0,1,0,0,0,1,1,0,0,0,0,1,NA,0,0,0,NA,1,1,NA,1,0,NA,0,0,0,0,1,1,1,0,1,1,0,0,0,0,0,0,0,0,1,1,0,0,0,0,0,0,0,0,0,1,1,1,0,0,0,1,0,0,0,0,NA,0,0,0,0,0,1,0,1,0,0,1,1,0,0,0,0,0,0,0,1,0,0,NA,0,0,0,0,0,0,0,0,0,1,0,0,0
4AZAFJ,gbc346eg,5.6986,0,,2024-01-22 21:01,0.7864,103,1,0,1,0,1,1,1,1,1,1,1,0,0,1,1,1,1,0,1,1,1,1,0,1,0,0,1,1,0,NA,1,1,0,1,1,1,1,1,1,1,1,1,1,1,1,1,0,0,1,0,0,1,NA,1,0,1,NA,1,1,1,1,1,0,1,0,1,NA,1,1,1,1,1,1,1,NA,0,NA,0,1,1,1,1,1,1,1,1,1,1,1,1,1,1,1,1,1,1,1,1,1,0,1,0,1,1,0,1,1,1,1
TCYZUS,g3daf57g,6.4932,0,,2024-01-09 00:41,0.767,103,1,0,1,0,1,1,1,1,0,1,1,1,0,1,1,NA,1,0,0,1,1,1,1,0,1,0,1,1,0,1,1,1,0,1,1,1,1,1,1,1,1,1,1,0,1,0,1,1,1,1,1,1,1,1,0,1,0,1,1,1,1,1,0,1,0,1,NA,NA,1,1,1,1,1,1,1,1,0,0,1,1,1,1,0,1,0,1,1,1,1,1,1,0,1,0,1,1,0,1,0,1,1,NA,1,NA,NA,1,1,1,1
d6YCXH,ge4ebc2g,4.8219,0,,2024-02-05 17:17,0.7429,35,NA,NA,NA,NA,1,NA,1,NA,NA,NA,1,NA,0,NA,1,1,1,NA,NA,NA,NA,NA,NA,1,NA,NA,NA,NA,0,1,NA,NA,NA,NA,1,NA,NA,1,NA,NA,NA,0,NA,NA,NA,NA,NA,1,1,NA,NA,NA,NA,NA,NA,1,NA,NA,NA,1,NA,1,NA,NA,NA,NA,NA,NA,NA,NA,NA,NA,1,1,NA,1,NA,0,NA,1,NA,NA,NA,NA,0,NA,0,NA,1,0,NA,NA,1,NA,NA,NA,0,1,NA,1,1,NA,NA,0,NA,1,1,NA,NA
DS2FXS,g587c4bg,6.0548,0,,2023-12-30 19:09,0.6857,35,NA,0,NA,NA,NA,NA,NA,NA,NA,NA,NA,0,NA,1,NA,NA,NA,NA,NA,1,NA,NA,NA,NA,1,NA,NA,NA,1,NA,1,NA,1,1,NA,1,NA,1,NA,1,0,NA,NA,NA,NA,1,NA,1,1,0,0,NA,NA,NA,0,NA,1,NA,NA,NA,NA,NA,0,NA,NA,0,NA,NA,NA,NA,NA,NA,NA,NA,NA,NA,NA,NA,NA,NA,NA,NA,NA,NA,NA,0,NA,1,NA,NA,NA,NA,1,NA,NA,NA,1,0,1,0,1,1,NA,NA,1,NA,1,1,1
JALD56,gbfb6d6g,5.9178,0,,2024-01-12 22:23,0.7476,103,1,0,1,1,1,1,1,1,1,0,0,1,0,1,1,1,0,0,0,1,1,1,1,1,1,0,1,1,0,1,1,NA,0,1,1,1,1,0,1,1,1,1,1,0,1,1,1,1,1,1,1,1,1,0,0,1,NA,0,1,1,1,1,0,1,1,1,1,1,1,1,1,1,1,1,1,0,0,0,1,1,1,1,0,1,0,1,NA,1,1,1,NA,NA,1,0,1,1,1,0,NA,0,1,1,1,1,0,1,1,0,1
NQ7BRJ,g28fa91g,3.589,0,,2024-01-02 14:28,0.2857,70,0,0,NA,1,NA,NA,1,NA,0,1,NA,0,NA,0,0,1,NA,NA,NA,NA,0,0,0,NA,NA,NA,0,NA,0,NA,1,1,0,0,0,0,NA,0,1,0,1,0,1,NA,0,1,0,0,1,0,0,NA,0,NA,0,1,0,0,NA,NA,NA,0,1,1,0,NA,1,1,0,0,0,NA,0,NA,0,0,0,0,0,0,1,0,0,1,0,NA,0,NA,NA,NA,0,NA,1,0,0,NA,NA,0,0,NA,1,NA,0,0,NA,NA,NA,NA,NA
dJdKFN,g293d98g,5.0411,0,,2024-01-03 14:45,0.8,35,NA,NA,1,NA,NA,NA,NA,NA,NA,1,1,NA,NA,1,NA,1,1,1,NA,0,NA,NA,NA,1,NA,NA,1,NA,NA,NA,NA,NA,NA,NA,NA,NA,NA,NA,1,1,NA,NA,1,NA,NA,0,NA,1,1,NA,NA,NA,NA,NA,0,NA,NA,NA,NA,NA,NA,NA,NA,NA,1,1,1,NA,NA,NA,0,NA,NA,NA,NA,NA,NA,1,NA,1,NA,0,1,1,NA,NA,NA,1,NA,0,1,NA,1,1,NA,NA,1,NA,NA,NA,NA,NA,NA,1,1,NA,NA,0,NA
26UM4T,gace82bg,4.6027,0,,2024-03-14 22:30,0.7767,103,0,0,NA,NA,1,1,1,1,1,1,1,0,1,1,1,1,1,0,0,1,1,1,1,1,1,0,0,NA,0,0,1,1,1,1,1,1,1,1,1,1,1,1,1,0,1,1,0,0,1,1,0,1,1,1,0,1,1,1,1,1,1,1,0,1,0,1,NA,1,1,1,1,1,1,1,1,0,0,1,1,1,1,0,0,NA,1,1,1,1,1,NA,1,1,1,1,1,1,1,1,1,0,1,1,1,1,1,0,1,0,1
W42T74,gdc38c6g,7.0685,0,,2024-01-13 14:44,0.8932,103,1,0,1,1,1,1,1,1,1,0,1,0,1,1,1,1,1,0,1,1,1,1,1,1,1,1,1,1,1,1,1,1,1,1,1,1,1,1,1,1,1,1,1,1,1,0,0,1,1,1,1,1,1,1,0,1,1,0,1,1,1,1,1,1,1,1,NA,1,1,1,1,1,1,1,1,1,0,0,1,1,1,1,1,1,NA,1,1,1,1,1,1,1,1,NA,1,0,NA,1,1,1,1,1,NA,NA,1,1,1,1,1
PZQFYc,g81cae4g,6.8219,0,,2024-03-02 21:59,0.7083,48,0,NA,NA,NA,1,NA,NA,NA,1,NA,1,0,NA,NA,NA,NA,1,NA,NA,0,NA,NA,1,NA,NA,0,0,1,NA,NA,NA,1,0,NA,NA,NA,NA,NA,1,NA,0,0,NA,NA,NA,0,NA,NA,NA,1,1,NA,1,NA,NA,NA,1,NA,NA,1,NA,1,NA,1,1,1,1,0,NA,1,NA,1,1,NA,0,NA,NA,0,NA,1,NA,1,0,1,NA,1,NA,1,1,NA,NA,0,NA,NA,1,NA,NA,1,1,NA,NA,NA,1,NA,1,1,NA,NA,1
VSGXdB,gdc3953g,4.3014,0,,2024-02-21 00:52,0.6176,34,NA,NA,NA,0,NA,NA,0,NA,NA,NA,NA,0,NA,NA,NA,NA,NA,NA,NA,NA,1,NA,0,NA,0,NA,NA,NA,NA,NA,NA,NA,NA,1,NA,NA,NA,0,NA,NA,NA,0,NA,NA,1,NA,1,NA,1,NA,1,NA,1,1,0,NA,1,NA,1,NA,NA,1,NA,1,NA,NA,1,NA,1,1,NA,NA,NA,NA,NA,NA,1,0,NA,NA,1,1,NA,NA,0,0,0,NA,NA,NA,1,NA,NA,0,NA,NA,1,NA,NA,NA,NA,1,NA,NA,NA,NA,NA,NA,NA
TZR7D6,g9a59e6g,6.2192,0,,2024-01-19 23:40,0.7282,103,0,1,1,0,1,1,1,1,1,0,1,0,0,1,1,1,1,0,0,1,1,0,1,1,1,0,1,1,1,1,1,NA,0,1,0,1,1,1,1,1,1,0,1,0,1,NA,0,0,1,1,0,1,1,1,0,1,0,1,0,0,1,1,1,1,0,1,1,1,1,NA,0,1,1,1,1,1,0,1,1,1,1,0,0,1,0,NA,1,1,1,1,1,1,NA,1,1,1,1,0,1,0,NA,1,1,1,1,1,1,1,1
HTFBNA,g1e017bg,5.6164,0,,2024-01-03 15:38,0.7184,103,0,NA,1,0,1,1,0,1,1,0,1,0,1,1,1,1,0,0,0,1,1,NA,1,1,1,1,1,1,1,1,1,1,0,1,1,NA,1,1,1,1,1,NA,1,0,1,0,1,0,1,NA,0,1,1,1,1,1,1,0,1,1,1,1,1,1,0,0,1,1,1,1,0,1,1,1,0,1,0,0,1,1,0,0,0,1,0,1,0,1,1,1,1,1,1,0,1,1,1,0,1,1,1,1,1,1,0,1,NA,0,1
F4KJ3C,g558dd7g,6.411,0,,2024-01-20 21:55,0.8857,70,NA,0,1,1,NA,1,NA,1,NA,1,1,NA,NA,1,1,1,1,1,1,1,NA,NA,1,1,1,1,1,NA,1,NA,1,1,NA,NA,1,NA,NA,NA,NA,NA,NA,1,1,NA,NA,0,1,1,1,1,NA,1,NA,1,1,NA,NA,NA,0,1,1,NA,0,NA,0,1,1,1,1,1,1,NA,NA,NA,1,1,0,0,1,NA,1,0,NA,1,NA,1,1,1,1,1,1,NA,1,1,NA,1,1,1,1,1,NA,1,1,1,NA,1,NA,1,NA
TM6QYC,g3ead37g,3.5068,0,,2023-12-29 01:19,0.5243,103,0,0,0,0,NA,0,0,1,1,1,1,0,0,1,1,0,0,1,0,0,0,0,0,0,1,0,0,1,1,1,0,NA,1,1,0,0,0,1,1,NA,1,1,1,1,0,NA,1,0,1,1,0,0,1,NA,0,1,0,1,0,1,1,0,1,1,0,0,0,0,0,0,1,1,1,NA,1,0,0,0,1,1,1,0,1,1,0,1,1,1,1,1,1,0,0,0,1,0,0,0,1,1,1,1,1,1,1,1,1,0,0
QG3cBc,ge853d5g,4.3836,0,,2024-01-28 23:06,0.7961,103,1,0,1,1,1,1,0,1,1,1,1,1,1,1,NA,1,1,0,1,1,1,1,1,1,1,1,1,1,1,1,1,1,1,1,0,1,1,1,1,1,1,0,1,0,1,0,0,0,1,1,1,1,1,1,0,1,0,1,0,1,1,1,1,1,0,1,NA,1,1,1,0,1,1,1,0,0,1,1,1,1,1,0,0,1,0,1,1,1,1,NA,1,0,1,1,1,NA,1,0,1,NA,1,1,NA,1,1,1,1,1,1
TT6XXX,g525c66g,6.6849,0,,2024-01-31 22:29,0.835,103,1,0,NA,0,1,1,1,1,1,1,1,1,1,1,1,1,1,0,0,1,1,1,1,1,1,1,1,1,1,1,NA,NA,0,1,1,1,0,1,1,1,1,1,1,0,1,0,1,1,1,1,1,1,1,1,0,1,1,1,1,1,1,1,0,1,0,1,1,NA,1,1,1,1,1,1,1,1,1,0,1,1,1,1,0,1,NA,0,1,1,1,1,1,0,NA,0,1,1,1,0,1,1,1,1,1,1,1,1,1,1,1
cYVTYD,gedc128g,4.411,0,,2024-01-08 21:49,0.7184,103,0,0,1,1,1,NA,0,1,1,1,1,1,1,1,1,1,1,0,1,0,0,0,0,1,1,0,1,1,0,1,1,1,1,1,1,1,1,1,1,0,1,0,1,0,1,0,1,1,1,0,1,1,0,1,0,1,1,1,0,1,1,1,0,1,1,NA,NA,NA,1,1,1,1,1,1,1,0,0,0,1,1,1,1,0,1,0,NA,0,1,1,1,0,0,1,1,1,0,1,1,1,1,1,NA,1,1,0,1,1,1,1
G64REd,g4fe6f6g,5.2603,0,,2024-01-03 02:46,0.5534,103,1,1,1,0,1,1,0,0,0,1,1,0,0,1,1,1,0,0,1,0,1,1,0,1,1,0,0,0,1,1,1,1,0,1,1,0,1,1,1,1,1,0,NA,NA,1,0,0,1,1,1,0,0,0,0,0,0,1,0,0,0,1,0,1,1,0,0,1,1,NA,0,1,1,0,1,1,0,0,0,1,1,1,1,0,1,0,NA,0,1,0,1,0,0,1,1,0,1,1,1,1,0,1,0,1,0,0,NA,NA,1,1
3NQT5B,g24bc32g,3.3973,0,,2023-12-29 17:14,0.6,35,NA,NA,NA,NA,NA,NA,NA,1,NA,NA,NA,NA,NA,NA,1,NA,0,1,NA,0,NA,NA,NA,NA,NA,NA,NA,NA,NA,NA,NA,NA,NA,1,0,1,NA,1,NA,NA,1,NA,1,NA,1,NA,NA,NA,NA,NA,0,NA,0,0,0,NA,NA,NA,NA,NA,NA,NA,NA,1,1,NA,1,NA,1,NA,1,NA,NA,NA,0,NA,NA,NA,0,NA,1,NA,0,NA,NA,1,NA,NA,NA,1,1,NA,NA,NA,NA,NA,NA,0,NA,0,1,NA,1,0,1,NA,NA,NA,0
cMW3LT,g59bf9cg,5.863,0,,2024-02-08 22:53,0.6857,70,1,0,NA,1,1,1,1,NA,NA,NA,NA,0,NA,NA,1,NA,0,0,1,1,1,0,NA,1,0,NA,1,0,0,1,NA,NA,0,NA,0,1,NA,1,NA,1,NA,1,1,NA,0,0,1,1,NA,NA,1,NA,1,NA,1,NA,0,NA,1,1,1,1,1,NA,1,1,1,NA,NA,1,1,1,1,1,1,0,NA,0,1,NA,NA,0,1,1,NA,NA,0,1,1,1,NA,NA,NA,0,NA,NA,1,0,1,0,1,1,1,0,NA,NA,1,0,NA
JHKVMB,gdae50dg,3.6712,0,,2024-01-25 17:51,0.5728,103,0,0,1,1,0,0,0,1,NA,0,1,0,0,0,1,0,0,0,0,NA,1,1,1,0,1,0,0,0,0,1,1,NA,1,1,0,1,1,0,0,0,1,0,1,0,1,1,0,1,0,1,1,1,1,1,NA,1,1,1,1,1,0,1,0,1,1,1,1,1,0,0,1,1,0,0,0,1,1,1,0,1,0,0,1,1,0,NA,0,NA,0,0,1,0,0,0,1,1,1,0,1,1,1,1,1,1,1,1,1,1,1
3QBYAB,g5efac7g,5.863,0,,2024-01-09 22:19,0.7961,103,1,1,1,1,1,1,NA,1,1,1,1,0,1,1,1,1,0,0,1,1,1,0,1,1,1,1,1,1,0,1,1,NA,0,1,1,1,1,1,1,NA,1,1,NA,1,1,1,0,0,NA,0,1,1,1,1,1,1,1,1,0,1,1,1,1,1,1,1,1,1,1,1,1,1,1,1,0,0,0,0,1,1,1,1,1,1,0,1,0,1,1,1,1,NA,1,1,1,1,0,1,1,0,0,1,1,0,1,1,0,1,1
T2PVKH,g2efb2fg,4.8219,0,,2024-03-02 17:47,0.697,66,0,0,1,1,1,1,0,NA,1,1,1,NA,NA,NA,1,1,0,NA,0,0,NA,0,1,NA,0,1,NA,1,1,1,NA,1,0,1,NA,NA,1,NA,1,NA,NA,NA,NA,0,0,NA,NA,1,1,1,NA,NA,1,1,0,1,1,NA,0,1,1,1,NA,NA,NA,1,NA,NA,1,1,NA,NA,NA,1,NA,NA,0,1,1,1,NA,NA,1,1,0,0,0,1,NA,0,1,NA,NA,NA,1,0,NA,NA,1,NA,1,1,NA,NA,1,1,1,0,NA
MRME3B,g1e3b1dg,5.8904,0,,2024-02-01 22:11,0.7379,103,1,0,0,1,NA,0,0,1,1,NA,1,0,0,0,NA,1,1,1,0,0,1,1,1,1,1,1,1,1,NA,1,1,NA,0,0,1,1,1,0,1,1,1,1,1,1,1,1,1,1,1,1,1,0,1,1,0,1,1,0,1,1,1,1,1,1,0,1,1,1,1,1,1,0,1,0,0,0,0,1,1,1,1,1,0,1,1,1,1,1,1,1,1,1,1,1,1,1,1,1,1,1,0,0,1,1,0,1,0,0,NA
E7V4LU,g3c3b27g,6.6027,0,,2024-01-11 17:20,0.7767,103,1,0,1,1,1,1,0,1,1,0,1,0,1,1,1,1,1,0,0,1,1,1,1,0,1,0,1,1,1,1,1,NA,0,1,1,1,1,1,1,1,1,1,1,0,1,0,1,1,NA,1,0,1,1,1,0,1,1,0,1,NA,1,1,0,1,1,1,1,1,1,1,1,1,1,1,1,0,1,1,1,0,1,1,1,1,0,1,1,1,1,0,1,0,1,NA,NA,1,0,0,1,NA,1,1,1,1,0,1,1,1,1
GTREdX,gcc5ddfg,6,0,,2023-12-29 18:28,0.8738,103,1,0,1,1,1,1,1,1,1,1,1,0,0,1,1,1,1,NA,1,1,1,0,1,1,0,0,1,1,1,1,1,1,1,1,0,1,1,1,1,1,0,0,1,0,1,0,1,1,1,1,1,1,0,1,1,1,1,1,1,1,1,1,1,1,1,1,NA,1,1,1,1,1,1,1,1,1,1,1,1,1,NA,NA,1,1,1,1,1,1,1,1,NA,0,1,1,1,1,1,NA,1,1,1,1,1,1,1,1,1,1,1
ZcUKGY,g8f0c9ag,4.1918,0,,2023-12-30 22:38,0.7184,103,NA,0,1,1,1,1,0,0,0,1,1,0,0,1,1,1,1,1,1,1,1,0,1,1,1,1,1,1,0,1,1,1,NA,1,1,1,1,0,1,1,1,1,1,1,1,0,1,1,1,1,0,1,1,1,0,1,1,0,0,1,1,1,0,1,0,0,NA,0,1,1,0,1,1,1,1,0,0,1,1,1,NA,1,0,1,0,1,1,1,NA,1,1,1,1,NA,0,1,1,0,0,0,0,1,1,1,0,1,1,1,1
YMDdT2,g630503g,3.1507,0,,2024-02-05 22:48,0.5437,103,1,0,1,0,1,NA,0,0,1,0,0,0,0,1,1,1,0,1,0,1,1,0,1,1,0,0,1,0,1,1,1,NA,1,1,0,0,1,1,1,0,1,0,1,0,1,1,0,1,0,1,1,NA,1,1,0,1,0,0,0,1,1,NA,1,0,0,1,1,0,1,NA,1,NA,1,1,0,0,1,1,1,1,1,0,0,1,0,1,0,0,1,0,1,0,1,0,1,1,0,0,0,0,1,1,0,0,0,1,1,0,0
ddG47B,g32d11fg,5.6438,0,,2024-01-06 16:00,0.7282,103,1,1,NA,0,1,1,1,1,1,1,1,0,1,1,1,1,0,0,0,1,1,1,0,1,1,0,0,1,0,NA,1,NA,1,1,1,1,1,0,1,0,1,0,1,0,1,1,1,0,NA,1,1,0,1,1,0,1,1,0,0,1,0,NA,0,1,1,1,1,1,1,1,1,1,1,1,1,0,0,1,1,1,1,0,1,1,1,0,0,1,1,1,1,1,1,1,1,0,1,1,1,0,NA,0,1,1,1,1,1,1,1
K3V2EB,g44ef6fg,5.3151,0,,2024-03-27 22:34,0.8738,103,1,0,0,1,1,1,1,NA,1,1,1,1,1,1,1,NA,1,0,0,1,1,1,1,1,1,1,1,NA,1,1,1,NA,0,1,1,1,1,1,1,1,1,0,1,1,1,1,1,1,1,1,1,1,1,1,1,1,1,1,0,1,1,1,0,1,1,1,1,1,1,1,1,1,1,1,0,1,0,1,1,1,1,0,1,1,1,NA,1,1,1,1,NA,0,1,1,1,1,1,1,1,1,1,1,1,1,0,1,1,1,1
EAUD3P,g46fb3cg,4.3014,0,,2024-02-09 21:42,0.6311,103,0,1,1,1,NA,1,0,0,1,1,1,0,1,1,1,1,1,0,NA,1,0,0,0,1,0,1,1,0,0,1,0,NA,0,1,0,1,0,1,1,1,0,1,0,0,1,0,0,0,NA,1,0,1,1,0,0,1,0,1,1,1,0,1,0,1,0,0,1,1,1,1,0,1,1,0,1,0,0,1,1,1,0,0,0,1,1,1,1,1,1,1,1,1,0,1,1,1,1,1,NA,0,NA,1,1,1,1,1,1,1,1
H2dVcU,g63ea4eg,5.9452,0,,2024-01-02 18:36,0.7184,103,0,0,1,0,1,1,1,1,1,1,1,0,0,1,NA,1,1,1,0,1,1,0,1,0,1,1,1,1,NA,1,0,NA,0,1,NA,1,1,1,1,1,1,0,1,0,1,0,1,1,1,0,1,1,1,1,0,NA,1,0,0,1,1,1,0,1,0,1,1,1,1,1,1,1,1,0,1,0,0,1,1,1,1,0,NA,1,0,1,0,1,1,1,1,0,1,1,1,1,1,1,0,1,1,1,1,1,0,1,1,0,1
M2NRRc,ga3f5d3g,4.3288,0,,2024-02-28 21:18,0.8058,103,1,0,1,NA,1,1,0,1,0,1,1,0,0,1,1,1,1,1,1,1,0,1,1,1,0,0,1,1,1,1,1,1,1,1,1,1,1,1,NA,1,1,NA,1,1,1,1,1,1,1,1,0,1,1,1,1,1,1,1,1,1,1,1,0,1,1,1,1,1,1,0,1,1,1,1,1,0,0,1,1,1,1,1,1,1,1,1,1,1,1,0,1,1,1,0,1,0,1,0,1,0,NA,1,1,1,0,NA,NA,0,1
KBKTA6,g85f639g,4.8767,0,,2024-01-08 20:17,0.6,70,NA,NA,1,NA,1,NA,0,NA,NA,0,NA,0,0,NA,NA,NA,0,NA,0,1,1,0,1,NA,1,0,NA,1,0,1,1,0,NA,1,NA,1,1,1,NA,NA,NA,0,NA,0,1,NA,0,NA,1,0,0,NA,0,1,0,1,0,1,1,NA,1,1,NA,0,1,1,1,NA,1,NA,0,1,1,1,NA,NA,0,NA,1,1,1,0,0,1,0,NA,1,NA,NA,1,1,NA,NA,NA,NA,NA,1,0,0,0,1,1,1,1,NA,1,NA,0,1
JPVELc,gebf3f7g,5.0959,0,,2024-01-06 21:32,0.6505,103,0,0,0,0,1,1,0,1,1,1,1,0,0,1,1,1,1,1,1,1,0,0,1,1,1,0,0,1,1,1,1,NA,0,1,0,1,1,0,1,1,0,0,1,0,0,0,1,0,1,0,1,1,0,0,0,1,1,NA,0,1,1,1,1,1,0,1,1,NA,1,1,1,NA,1,1,1,0,0,0,1,1,1,0,1,1,0,0,0,1,1,1,1,0,NA,1,1,1,1,0,NA,0,1,1,1,1,1,1,1,1,1
ZS3Y2V,g1c0231g,6.0274,0,,2023-12-28 22:57,0.835,103,0,1,1,0,1,1,1,1,1,0,1,0,1,1,1,1,1,0,0,1,1,1,1,1,1,1,0,1,0,1,1,NA,0,1,1,1,1,1,1,1,1,0,1,0,1,0,0,1,1,0,1,1,1,1,1,1,NA,1,1,1,1,1,0,1,1,1,1,1,1,1,1,1,1,1,1,1,0,0,1,1,1,1,NA,1,1,1,1,1,1,NA,1,1,1,1,1,1,1,1,1,1,NA,1,1,1,1,1,1,NA,1
KC3YZC,g6b5734g,6.3562,0,,2024-01-01 19:20,0.7429,35,NA,NA,1,NA,NA,NA,NA,0,NA,NA,1,1,0,1,1,1,NA,NA,1,NA,1,NA,NA,NA,NA,NA,NA,NA,1,NA,NA,1,NA,NA,NA,NA,NA,1,NA,1,1,NA,NA,NA,NA,NA,1,NA,NA,NA,NA,1,NA,1,NA,1,1,NA,NA,NA,0,1,NA,NA,NA,NA,NA,NA,1,NA,NA,NA,1,NA,NA,NA,0,NA,1,1,NA,NA,1,NA,NA,1,0,NA,NA,NA,NA,0,NA,0,NA,1,NA,NA,NA,0,NA,NA,NA,NA,NA,NA,NA,0,NA
GEFC2X,gc0ba3ag,4.9589,0,,2024-02-14 20:17,0.7961,103,1,0,1,0,1,1,1,1,1,1,NA,1,0,1,1,1,1,1,1,NA,1,0,1,1,0,1,0,1,1,1,1,NA,0,1,1,1,1,1,NA,1,0,0,1,0,1,1,1,0,1,1,1,1,0,1,1,1,1,0,1,1,1,1,0,1,1,1,1,1,NA,1,1,1,1,NA,1,1,0,1,1,1,1,1,1,1,1,1,1,1,1,0,1,1,1,1,1,1,1,0,1,0,1,0,1,1,0,1,1,0,1
UcPAdK,g6b1096g,5.5068,0,,2023-12-28 17:37,0.6408,103,1,0,1,1,1,1,0,1,NA,0,1,0,1,1,1,1,0,0,0,1,1,1,1,1,0,0,0,1,NA,1,1,NA,0,1,0,1,1,0,0,NA,1,0,1,0,1,0,1,1,1,1,1,1,1,1,0,1,1,0,NA,NA,0,1,0,1,1,1,1,1,1,1,0,1,1,0,0,0,1,0,0,1,1,0,0,1,0,0,0,1,1,0,1,1,1,0,1,1,1,0,0,1,1,1,1,1,1,1,1,0,1
d7TBYX,g05387bg,3.2329,0,,2024-02-27 00:11,0.4854,103,1,0,0,0,1,1,1,0,1,1,NA,NA,0,1,1,1,0,1,NA,0,0,1,1,0,1,0,0,0,0,1,1,1,1,1,1,0,1,1,1,1,0,0,1,0,0,0,1,0,0,0,0,1,0,0,0,1,1,0,0,0,1,1,1,NA,0,0,NA,1,0,1,1,1,0,0,0,0,0,NA,0,1,0,0,0,1,0,0,0,1,1,1,0,1,0,1,1,1,0,0,0,0,1,1,0,0,1,1,1,1,0
X6KBWC,g6dc7e9g,3.6712,0,,2024-01-14 17:50,0.5825,103,1,0,NA,0,0,1,1,0,1,1,1,0,0,1,1,1,0,0,0,1,1,0,1,1,0,0,0,0,1,1,1,1,1,1,1,1,1,1,1,1,1,0,1,0,1,0,NA,1,1,1,0,0,0,1,0,1,0,0,1,0,0,NA,0,1,0,1,1,1,1,0,1,1,1,1,0,0,0,1,1,1,1,0,1,1,0,0,0,1,1,0,1,1,1,1,1,0,0,0,0,0,1,NA,1,0,0,1,NA,NA,1
FG3NAB,g6af6e6g,5.9178,0,,2024-01-06 22:32,0.8058,103,1,0,0,1,1,1,NA,1,1,1,1,1,0,1,1,1,1,1,1,1,0,0,0,1,1,1,1,1,1,1,1,1,0,1,1,1,NA,1,1,1,0,0,1,1,NA,1,1,0,1,1,1,0,1,1,0,1,1,0,1,0,1,1,1,0,1,1,1,1,1,1,1,1,1,1,1,1,1,NA,1,1,1,1,0,1,1,0,1,1,1,0,1,NA,1,1,1,1,0,1,1,1,1,1,1,1,1,1,NA,0,1
R4HQQP,geca2d3g,5.2329,0,,2024-01-02 23:34,0.6408,103,1,1,1,1,0,1,0,1,1,0,1,0,1,1,1,1,NA,0,1,1,NA,0,1,1,NA,0,0,1,0,1,1,1,0,1,NA,1,0,0,1,0,0,1,1,0,1,0,0,0,1,1,0,1,0,1,0,1,1,NA,0,0,1,1,0,1,1,1,1,1,0,1,1,1,1,1,1,1,0,0,1,1,1,1,1,1,0,1,1,1,1,0,1,0,0,0,1,1,1,0,1,0,0,1,1,1,0,1,NA,0,1
WG7EcL,g2997cag,6.3014,0,,2024-01-15 00:47,0.8571,35,NA,NA,NA,NA,1,1,1,1,NA,NA,NA,NA,1,NA,NA,NA,NA,NA,NA,1,0,NA,NA,1,NA,NA,1,1,NA,1,NA,NA,NA,1,1,NA,1,NA,NA,1,1,NA,NA,NA,NA,1,NA,1,NA,1,NA,NA,NA,NA,NA,NA,NA,NA,NA,1,1,NA,NA,NA,NA,NA,NA,NA,1,NA,NA,NA,NA,NA,1,1,NA,NA,NA,NA,NA,NA,1,0,0,NA,0,NA,NA,NA,1,NA,1,NA,NA,NA,0,1,NA,NA,NA,1,NA,1,NA,NA,1,NA,NA
HYCXLd,g3a729bg,3.589,0,,2024-01-04 17:16,0.4951,103,0,0,0,0,0,1,0,1,1,1,1,0,0,1,0,1,0,0,1,0,1,1,0,1,0,0,NA,0,0,1,1,1,0,1,1,1,1,1,1,0,1,0,1,0,1,1,1,0,1,1,1,1,1,1,0,1,0,0,0,1,NA,0,1,1,0,0,1,0,0,1,0,1,1,0,1,0,0,NA,1,1,1,0,0,1,0,0,0,1,1,0,NA,0,0,0,1,0,NA,0,1,0,1,0,0,0,0,1,NA,1,0
AF7NVS,gb32c57g,4.6301,0,,2024-01-19 18:54,0.8058,103,1,0,1,1,1,1,1,1,NA,1,1,0,0,1,1,1,1,1,1,0,0,1,1,1,1,0,0,1,1,1,1,NA,0,1,1,1,1,1,1,0,0,0,1,1,1,0,1,NA,1,1,1,1,1,1,0,1,1,0,1,1,1,1,1,1,0,1,1,1,1,1,NA,NA,1,1,1,1,0,0,1,0,1,0,1,1,1,1,1,1,1,1,1,1,1,1,1,1,1,1,1,1,1,NA,1,1,0,1,1,1,1
XET4PU,gf6dec6g,6.9041,0,,2024-01-05 20:22,0.9126,103,1,1,1,0,1,1,1,1,1,1,1,0,1,1,1,1,1,1,1,1,1,1,NA,1,1,1,1,1,1,1,1,NA,0,1,1,1,1,1,1,1,1,0,1,1,1,0,1,1,1,1,1,1,NA,1,0,1,1,1,1,1,1,1,1,1,1,1,1,1,1,1,NA,1,1,1,1,1,1,0,1,1,1,1,1,NA,1,1,1,NA,1,1,1,1,1,1,1,1,0,0,1,1,1,1,1,1,1,1,1,1,1
3DCHVF,g571d0ag,5.1507,0,,2024-01-17 00:44,0.8286,35,1,NA,NA,1,1,1,NA,1,1,NA,1,NA,0,0,1,1,1,NA,NA,NA,NA,NA,NA,1,NA,NA,NA,NA,0,NA,1,1,NA,NA,NA,NA,NA,NA,NA,NA,NA,NA,1,NA,1,NA,NA,NA,NA,NA,NA,NA,NA,1,NA,NA,NA,1,NA,NA,NA,NA,0,NA,NA,1,NA,1,NA,NA,NA,1,NA,1,NA,NA,NA,NA,1,NA,NA,NA,1,NA,1,0,NA,NA,NA,1,NA,1,NA,0,1,NA,NA,NA,NA,1,NA,NA,NA,NA,1,NA,NA,NA,NA
L6SJHS,g33f070g,4.2466,0,,2024-01-05 19:01,0.6286,35,0,NA,NA,NA,NA,NA,NA,NA,0,NA,1,NA,NA,0,NA,NA,NA,0,NA,1,NA,NA,NA,0,1,NA,NA,1,0,0,NA,NA,NA,NA,NA,0,NA,NA,NA,NA,0,NA,NA,NA,1,NA,NA,NA,0,NA,1,NA,NA,NA,NA,NA,NA,1,NA,NA,1,NA,NA,NA,NA,1,1,NA,NA,NA,NA,1,NA,0,1,NA,NA,NA,NA,1,NA,NA,NA,NA,0,1,NA,1,NA,NA,1,1,NA,1,1,1,NA,NA,NA,NA,1,NA,NA,0,1,NA,NA,NA,NA
Z24Y7L,gfeff76g,4.2466,0,,2024-02-08 16:14,0.5049,103,0,0,0,0,1,1,0,0,1,0,1,0,0,1,1,1,1,0,0,0,1,0,1,1,0,0,0,0,0,1,1,NA,1,1,NA,1,1,1,1,1,1,0,1,1,1,0,1,1,1,0,0,0,0,1,0,1,1,0,1,1,0,0,0,1,0,0,1,1,1,0,0,1,1,1,NA,0,0,0,1,1,NA,0,0,1,0,0,0,1,0,0,1,0,1,0,1,0,1,1,1,0,1,0,NA,0,0,NA,1,0,1
VCWUVG,gfb8735g,5.2603,0,,2024-01-15 20:39,0.699,103,1,1,1,0,1,1,1,1,1,1,1,1,0,1,1,1,1,0,1,1,1,1,1,1,0,1,0,0,0,1,1,0,0,1,1,1,1,1,1,1,1,0,1,0,NA,0,1,NA,1,1,1,1,0,1,0,1,1,1,0,0,1,1,0,NA,1,1,1,1,0,1,0,1,1,1,0,0,0,1,1,1,NA,0,0,1,NA,1,0,1,1,1,1,0,1,0,1,1,1,0,0,1,1,1,1,0,1,1,NA,0,1
d67CFJ,g569b54g,4.274,0,,2024-01-04 14:04,0.5728,103,0,0,0,0,1,1,0,NA,1,0,1,0,1,0,1,0,1,0,0,NA,1,1,0,1,1,1,0,0,0,1,1,NA,0,1,1,1,0,0,1,1,1,0,1,0,1,0,0,1,1,1,0,1,0,1,0,1,0,1,1,1,1,1,0,1,0,1,1,0,NA,0,1,0,1,1,0,0,1,0,1,1,1,1,NA,0,0,1,0,1,1,0,1,0,1,NA,1,0,0,1,1,0,1,1,1,0,1,1,1,0,1
cS4VdU,g3c0337g,6.7123,0,,2024-01-07 17:05,0.8,35,NA,1,0,1,NA,NA,NA,NA,NA,NA,NA,0,1,NA,NA,NA,0,NA,1,NA,NA,1,NA,1,1,NA,NA,NA,NA,NA,NA,NA,0,NA,1,1,NA,NA,NA,1,NA,0,NA,NA,NA,NA,NA,NA,NA,NA,NA,NA,NA,NA,NA,NA,NA,1,NA,NA,1,NA,NA,NA,NA,NA,1,NA,1,1,1,NA,1,NA,0,NA,NA,NA,1,NA,NA,NA,NA,NA,NA,NA,1,1,NA,NA,1,1,1,NA,NA,NA,NA,1,0,NA,NA,NA,NA,1,1,NA,NA,1,1
GJQVJ6,gae9400g,6.411,0,,2024-04-23 19:56,0.8544,103,1,0,1,0,1,1,1,1,1,1,1,1,1,1,1,1,0,1,1,0,1,0,1,1,1,1,1,1,0,1,1,1,0,1,1,1,1,1,1,1,0,0,1,1,NA,0,1,1,1,1,1,1,0,1,0,NA,1,1,1,1,1,1,0,1,1,1,NA,1,1,1,1,1,1,1,1,1,0,NA,1,1,1,1,0,1,1,NA,1,1,1,1,1,1,1,1,1,1,NA,1,1,1,1,1,1,1,1,1,1,1,1
KKHRDc,g1f50edg,5.4247,0,,2024-04-10 18:11,0.8641,103,1,0,1,1,1,0,1,1,1,1,1,0,0,1,1,1,1,1,1,1,1,1,1,1,0,1,NA,NA,1,1,1,NA,0,1,1,1,0,1,1,1,1,1,1,1,1,1,1,1,1,1,1,1,1,1,1,1,1,NA,1,1,1,1,0,1,1,1,1,1,1,1,1,1,1,1,1,0,1,0,1,1,NA,0,1,1,0,1,1,1,1,1,1,0,1,1,1,1,0,NA,1,1,1,1,1,1,1,1,1,1,1
AJR7U2,g946fffg,3.6712,0,,2024-04-08 17:23,0.5728,103,0,0,0,NA,0,1,0,0,1,1,1,0,0,0,1,1,NA,0,0,1,1,1,1,1,0,1,1,1,0,1,1,NA,0,NA,1,1,1,1,0,0,0,0,1,0,1,0,1,0,NA,1,0,1,0,1,0,1,0,1,0,1,1,1,0,1,1,NA,1,1,1,1,0,1,0,1,1,0,0,0,1,1,1,1,0,1,0,0,0,1,0,0,1,1,1,0,1,1,1,0,1,0,1,0,1,0,1,1,1,0,1
Y4V3SK,g5a62b6g,4.9863,0,,2024-04-14 20:05,0.5728,103,0,0,1,0,1,1,0,0,0,0,1,0,0,NA,1,1,0,0,0,0,0,1,1,NA,1,0,1,0,NA,1,1,NA,0,1,1,1,1,1,1,1,1,0,0,1,1,1,1,1,1,1,1,0,0,1,0,1,0,1,0,0,1,0,0,0,0,1,1,1,0,0,1,0,1,1,1,1,0,0,0,0,1,1,NA,1,0,1,0,1,1,0,NA,1,1,1,1,1,0,1,1,1,0,1,0,0,1,1,1,0,1
N3VAJH,gf5288fg,6.3014,0,,2024-04-24 18:38,0.8447,103,1,1,1,1,1,1,1,1,0,1,1,1,0,NA,1,1,0,0,1,1,1,1,1,1,1,1,1,1,0,0,1,1,0,1,1,1,1,1,1,1,1,1,NA,1,1,0,1,0,1,1,1,1,0,1,1,1,1,1,0,1,1,1,0,1,1,1,1,1,1,1,NA,1,1,1,1,1,1,0,1,NA,NA,1,0,1,1,1,1,1,1,1,1,0,1,1,1,1,0,1,1,1,1,1,1,1,1,1,NA,1,1
TPRVQE,ga7617dg,3.6712,0,,2024-04-21 13:25,0.6019,103,0,1,0,NA,1,0,1,0,0,0,1,1,0,1,1,1,1,1,1,0,1,1,0,0,0,0,0,1,0,0,1,NA,0,1,0,1,0,NA,0,0,1,0,1,0,1,0,0,1,0,1,0,1,1,1,NA,1,0,1,1,0,1,1,1,1,NA,1,1,1,1,1,1,1,1,0,1,0,0,0,1,1,0,1,0,1,0,0,1,1,0,1,1,1,1,1,1,0,1,1,1,1,NA,0,1,1,0,1,1,0,1
RZGULG,gd354a0g,4.5479,0,,2024-04-21 19:28,0.7184,103,1,0,1,1,NA,1,0,0,1,1,1,1,1,1,1,1,0,0,1,0,1,1,1,1,1,0,0,1,1,1,1,NA,0,1,NA,1,1,1,0,0,1,0,1,0,1,0,1,NA,1,1,1,0,0,1,0,1,1,1,0,1,1,1,0,1,1,1,1,0,1,1,0,1,1,1,0,0,0,1,1,1,1,1,1,1,1,0,0,NA,1,NA,1,1,1,0,1,1,0,1,1,1,1,1,1,1,1,1,1,0,1
dEcDRc,g7fb2cbg,5.7534,0,,2024-04-10 17:56,0.8155,103,NA,0,1,1,1,1,1,1,1,1,1,0,0,1,1,1,1,1,0,1,1,0,1,NA,0,1,1,1,0,1,1,1,0,1,1,1,1,1,1,1,1,0,1,0,1,1,0,0,1,1,1,NA,1,1,0,NA,0,0,1,1,1,1,0,1,1,1,NA,1,1,1,1,1,1,1,1,1,1,1,NA,1,1,1,1,1,0,1,1,1,1,1,1,1,1,1,1,1,1,1,1,0,1,1,1,1,1,1,1,0,1
FYCX2C,gea37e6g,5.2055,0,,2024-04-08 17:57,0.8447,103,1,0,1,1,1,0,1,1,NA,1,1,1,1,1,1,1,1,1,0,1,1,NA,1,1,0,0,1,1,1,1,1,1,0,1,1,1,1,0,1,1,NA,1,1,1,1,0,1,1,1,1,1,1,0,1,1,1,1,1,1,1,1,1,0,1,1,1,1,1,1,1,1,1,1,1,1,0,0,0,1,1,1,1,0,1,NA,0,1,1,NA,0,1,1,1,1,1,1,1,1,1,1,1,1,1,1,1,1,NA,1,1
DCR5AJ,gb7479fg,6.0274,0,,2024-04-10 21:57,0.8738,103,1,1,1,NA,1,1,1,1,1,1,1,1,1,1,1,1,1,1,1,1,1,1,1,1,1,1,1,1,NA,1,1,NA,1,1,1,NA,1,1,1,1,0,1,1,0,1,0,1,1,1,1,1,1,0,1,0,NA,1,1,1,1,1,NA,1,1,0,1,1,1,1,1,1,1,1,1,0,0,1,0,1,1,1,0,0,1,0,1,1,1,1,1,1,1,1,1,1,1,1,1,1,1,1,1,1,1,1,1,1,0,1
YH5LLQ,g2d1c32g,6.7397,0,,2024-04-04 16:59,0.7864,103,1,0,1,1,1,1,1,0,1,1,1,1,1,1,1,1,1,0,0,1,1,0,1,1,1,1,1,0,1,1,1,1,0,1,1,1,1,1,1,1,1,1,1,1,1,0,1,1,1,1,1,1,1,1,0,1,0,1,1,1,1,1,0,1,0,NA,NA,1,1,1,0,1,1,NA,1,0,0,0,1,1,1,0,0,0,1,1,1,1,1,1,1,0,1,1,1,1,1,NA,NA,0,1,1,0,1,1,NA,1,1,1
S3Ed2N,g20cac0g,5.2603,0,,2024-04-24 13:43,0.7961,103,0,0,1,1,1,1,1,0,1,1,1,0,NA,1,1,1,1,1,1,0,1,0,1,1,1,0,1,1,1,1,1,1,1,1,1,1,NA,0,1,1,1,0,1,0,1,0,1,1,1,1,1,1,1,1,0,1,1,0,1,1,1,1,0,1,1,1,1,1,1,1,NA,1,1,1,1,0,0,1,1,1,1,0,1,1,1,1,0,1,1,1,1,0,NA,0,1,1,1,1,1,1,1,1,1,NA,1,1,NA,0,1
Z5DUWM,g175320g,3.5342,0,,2024-04-09 02:34,0.4951,103,1,0,0,0,1,1,0,1,0,0,1,1,0,NA,0,1,0,0,0,0,1,0,NA,1,1,1,1,1,1,0,1,NA,0,1,1,0,1,0,1,0,1,0,1,0,0,0,0,1,0,0,0,1,1,1,0,NA,0,0,0,0,1,1,0,1,NA,0,1,1,1,0,0,1,0,1,0,0,0,0,0,1,1,0,1,1,0,0,NA,1,1,1,1,0,0,0,1,1,0,0,1,0,1,1,1,1,1,0,1,0,1
TDWBBY,gf93d96g,5.6712,0,,2024-04-12 21:30,0.6408,103,1,0,1,0,0,1,0,1,1,1,1,0,1,0,1,1,1,0,1,1,1,0,1,0,0,0,1,1,0,1,1,1,0,1,1,1,1,0,1,1,1,0,1,0,1,0,0,1,0,0,1,0,1,1,1,1,1,1,0,1,0,1,0,1,1,1,1,1,1,0,0,1,1,NA,0,1,0,0,0,1,1,1,0,1,1,NA,1,1,1,0,1,1,0,0,NA,0,1,0,NA,0,NA,1,1,1,1,1,NA,1,1
B7KWFX,g46f801g,6.9863,0,,2024-06-15 23:49,0.7573,103,1,0,1,NA,1,1,1,0,1,0,1,0,0,1,1,1,1,0,1,0,1,0,1,1,1,0,1,NA,1,1,1,1,0,1,1,1,1,1,1,1,1,1,1,0,1,0,1,0,1,1,1,0,1,0,0,1,1,1,1,0,0,NA,0,1,0,1,NA,NA,1,1,1,1,1,1,1,0,0,1,1,1,NA,1,0,1,1,1,1,1,1,1,1,0,1,1,1,1,1,1,1,0,1,1,1,1,1,1,1,1,1
GDXFKD,g3149c0g,3.5068,0,,2024-06-24 20:07,0.5728,103,0,0,0,0,1,1,NA,0,1,1,NA,0,0,1,1,1,1,0,0,0,NA,1,1,1,1,0,1,1,0,1,NA,NA,0,0,0,1,1,0,1,1,1,1,1,0,1,1,1,1,0,0,0,1,1,1,0,1,0,0,0,0,1,1,0,1,0,0,1,1,0,1,1,1,1,1,1,1,0,0,1,0,1,0,0,1,0,0,0,1,1,0,1,1,0,NA,1,1,0,0,1,1,1,0,1,0,1,1,1,0,1
T6YGMT,g527c5dg,4.3288,0,,2024-05-25 18:45,0.6311,103,1,0,NA,0,0,1,0,0,1,1,1,0,0,1,1,1,0,0,0,1,1,1,0,1,1,0,1,1,0,1,1,0,0,1,1,1,1,1,1,0,1,0,1,0,1,0,1,0,1,1,0,0,NA,1,0,1,0,1,1,1,0,1,0,1,1,1,1,1,1,1,0,1,1,0,1,0,0,0,NA,1,1,0,1,1,0,1,1,NA,1,0,1,1,1,0,1,1,0,0,1,0,1,1,1,NA,1,1,NA,1,1
HPECEJ,g95146ag,3.8904,0,,2024-06-30 23:45,0.6019,103,0,1,NA,0,1,1,NA,1,0,1,1,1,0,0,1,1,0,1,0,0,1,0,1,1,0,0,0,1,0,1,1,NA,0,1,1,0,1,1,1,1,0,0,1,NA,1,0,0,1,1,1,0,1,1,0,0,1,1,0,1,0,1,1,0,1,0,0,1,1,1,1,1,1,0,0,1,0,0,0,1,1,1,0,0,1,0,1,1,1,1,1,NA,1,1,1,1,0,0,1,0,NA,1,1,1,0,0,1,1,0,1
XVZMGS,g696463g,4.4384,0,,2024-06-17 15:43,0.7379,103,0,0,0,0,1,1,0,0,1,NA,1,0,0,1,1,1,NA,0,1,1,1,1,NA,1,1,0,1,1,1,1,1,1,0,1,1,1,0,1,1,1,1,0,1,0,1,1,1,1,1,1,1,1,1,1,1,1,1,1,1,NA,1,1,1,1,1,1,1,1,1,1,1,1,1,1,1,0,0,0,1,1,NA,1,0,1,0,0,1,1,1,0,1,1,1,0,1,0,1,0,1,0,1,1,0,0,1,1,NA,1,1
YEBQPV,g773525g,5.1507,0,,2024-06-11 15:01,0.6408,103,1,0,0,0,NA,1,0,0,1,1,NA,1,0,1,1,1,0,0,0,0,1,0,1,1,1,0,1,1,1,1,1,1,0,1,1,1,1,1,1,NA,1,0,1,0,1,1,0,0,1,1,0,1,0,1,0,1,1,0,1,0,0,1,0,1,0,1,NA,1,1,1,1,1,1,1,0,0,1,0,1,1,NA,0,0,1,0,1,1,1,0,0,1,1,NA,0,1,1,1,1,1,0,1,1,1,1,1,1,1,0,0
NNKZFd,g195e55g,3.6438,0,,2024-05-27 14:29,0.6117,103,1,0,NA,0,0,1,0,0,1,1,0,0,0,1,1,1,1,0,0,0,1,0,0,1,1,0,1,0,0,1,1,NA,0,1,1,1,1,1,1,0,0,1,1,0,1,0,NA,0,NA,1,1,1,1,1,0,NA,1,0,0,0,1,1,1,1,1,0,1,1,1,1,1,1,0,1,0,NA,0,0,1,1,1,1,1,1,0,0,1,1,1,1,1,1,1,1,1,1,0,0,1,0,1,0,1,0,1,0,1,1,0
ZU7S53,gc30241g,3.6164,0,,2024-06-03 17:07,0.6893,103,0,0,1,0,1,1,0,1,1,1,1,0,0,1,1,1,0,0,1,1,1,0,1,1,0,0,1,1,0,1,1,1,1,1,0,1,1,0,1,1,1,1,1,0,1,0,1,0,1,NA,1,1,1,1,0,1,0,1,1,1,0,1,0,1,0,1,1,NA,1,1,1,1,1,1,NA,1,1,0,1,1,1,1,0,1,0,1,0,1,1,0,NA,1,1,0,1,1,1,NA,1,0,1,1,1,0,0,1,NA,0,1
WAWJZU,g330c9dg,3.2877,0,,2024-06-15 19:50,0.5534,103,1,0,1,0,0,0,1,0,1,1,1,0,0,1,1,0,0,0,1,0,1,0,0,0,1,0,0,0,1,1,1,1,0,1,1,1,1,NA,1,1,1,0,1,0,1,0,1,1,0,1,NA,NA,0,1,0,1,1,1,0,0,0,1,0,1,1,NA,1,1,1,1,1,1,0,0,1,0,0,1,0,1,0,0,0,1,0,0,0,1,1,0,1,NA,1,0,1,1,1,0,1,1,1,1,1,0,0,1,NA,0,0
2cVGUY,gffd99eg,4.7945,0,,2024-05-28 18:40,0.8738,103,0,1,1,1,1,NA,1,1,1,1,1,1,1,1,1,1,1,0,1,1,0,0,1,0,0,1,1,1,1,1,1,1,0,1,1,1,1,1,1,1,1,1,1,1,1,1,1,NA,1,1,1,1,1,1,1,1,1,1,1,1,1,1,1,1,0,1,NA,NA,1,1,NA,1,1,1,0,1,0,1,1,1,1,1,0,0,1,1,1,1,1,1,1,1,1,1,1,1,1,1,1,1,1,1,1,1,NA,1,1,0,1
ME2S4N,g925150g,5.1507,0,,2024-05-22 13:10,0.6311,103,0,0,1,0,1,NA,1,1,1,0,1,0,0,1,1,1,0,0,0,1,1,1,1,0,0,0,0,0,1,1,1,NA,NA,1,1,0,1,0,1,0,1,0,1,0,1,1,NA,1,1,1,1,1,1,1,0,1,1,1,0,0,0,1,1,1,0,1,1,1,1,1,NA,1,1,1,1,0,0,1,1,1,1,0,0,1,0,0,0,NA,1,0,1,0,1,1,1,1,1,0,1,0,1,1,1,1,0,1,1,0,0
ZWZRMN,g0eafd3g,5.6986,0,,2024-06-19 14:38,0.7379,103,0,0,1,1,1,1,1,0,1,1,1,0,NA,1,1,1,0,0,1,1,1,1,1,1,1,1,NA,1,1,1,NA,1,0,1,1,1,0,1,1,1,1,0,1,0,1,0,1,0,1,1,1,1,0,1,0,1,1,1,0,1,0,1,1,1,1,1,1,1,1,1,0,1,1,1,1,1,0,0,NA,1,1,1,0,1,0,NA,0,1,1,1,1,1,1,0,1,1,1,1,1,0,1,1,1,0,0,1,NA,0,1
J7P5WK,g7b2cc9g,3.3699,0,,2024-06-02 13:09,0.6311,103,1,0,1,0,0,1,NA,1,1,1,1,0,0,1,1,1,0,0,0,1,1,1,0,1,0,0,0,0,1,1,1,NA,0,1,1,1,1,1,1,1,1,0,1,0,1,0,1,NA,1,0,0,1,1,0,0,1,0,1,NA,1,1,1,0,0,1,1,1,1,NA,1,1,1,1,1,1,NA,0,1,1,1,1,1,0,1,0,0,1,1,1,0,1,1,1,1,1,1,0,0,0,0,1,0,1,1,0,1,0,0,0
PYR5cE,gb02c31g,4.3014,0,,2024-06-13 17:41,0.7573,103,1,0,1,1,1,1,1,0,NA,1,1,0,0,1,1,1,1,0,0,1,1,0,1,1,1,0,1,1,1,1,NA,1,0,1,1,NA,1,1,1,1,1,0,1,0,1,0,1,1,NA,1,1,1,1,1,0,1,1,1,1,0,1,1,0,1,1,0,NA,1,1,1,1,1,1,1,1,1,1,0,0,1,1,1,1,1,0,1,1,NA,1,1,1,0,1,1,1,0,1,1,1,0,1,0,1,1,0,1,1,0,1
ZK6NH6,gb1bd66g,4.1644,0,,2024-05-23 00:09,0.8058,103,1,0,1,1,1,1,1,1,1,0,1,0,0,1,1,1,1,1,0,1,1,1,1,1,0,1,1,1,NA,1,1,1,NA,NA,1,1,1,1,0,1,1,0,1,0,1,0,NA,0,1,1,0,1,1,1,0,1,1,1,0,1,1,1,0,1,1,1,NA,1,1,1,1,1,1,1,1,0,0,1,1,1,1,1,1,0,1,1,1,NA,1,1,1,1,1,1,1,0,1,1,1,0,1,1,1,1,1,1,1,1,1
7ccZY4,g2e6068g,6.4658,0,,2024-06-18 21:22,0.7282,103,0,0,1,0,1,1,0,0,1,1,1,1,0,NA,1,1,1,0,1,0,1,0,1,1,1,1,1,1,0,1,1,1,0,1,1,1,1,0,1,1,1,1,1,1,1,0,1,1,1,1,NA,1,1,NA,1,1,1,1,1,1,1,1,1,1,1,0,1,0,1,1,1,1,1,NA,1,0,0,1,1,1,1,0,0,1,0,1,1,1,1,1,1,0,0,0,1,1,0,1,1,0,NA,0,1,1,0,1,NA,0,1
2SKJQd,ge87869g,6.1918,0,,2024-05-29 22:08,0.6893,103,1,0,1,0,1,NA,NA,1,1,1,1,0,1,0,1,1,1,0,1,0,1,1,1,1,1,0,0,0,1,1,1,1,1,1,0,0,1,1,0,1,0,1,1,1,1,1,1,0,0,1,0,1,1,1,0,1,0,1,1,0,0,1,0,1,1,1,NA,NA,1,1,1,1,1,1,1,1,1,1,1,1,1,1,0,1,0,1,1,1,1,1,0,0,1,1,1,1,0,0,0,0,NA,1,NA,0,0,1,1,0,1
5Sc6YW,ge6a80fg,3.7534,0,,2024-05-18 13:47,0.6505,103,NA,0,1,0,1,1,1,1,0,1,1,0,0,1,1,1,1,1,0,1,1,1,1,0,0,1,0,1,1,1,1,0,1,1,NA,1,0,1,0,1,0,0,1,0,1,0,1,1,1,0,NA,1,0,0,1,1,0,NA,0,1,1,1,1,1,1,1,1,0,1,1,1,1,1,1,1,0,0,0,0,1,1,1,0,0,0,0,1,1,1,0,1,NA,1,1,1,0,0,0,1,1,1,1,0,0,1,1,NA,1,1
3XV43U,g7c0732g,5.8082,0,,2024-06-18 15:51,0.8544,103,1,0,1,0,1,1,0,1,1,1,1,1,1,0,1,1,NA,1,0,1,1,1,1,NA,0,1,1,1,0,1,1,NA,1,1,1,1,1,1,1,1,1,0,1,1,1,1,1,0,1,1,1,1,1,1,1,1,0,0,1,1,NA,1,1,1,1,1,1,1,1,1,1,1,1,1,1,1,1,1,1,1,1,0,1,1,NA,1,1,1,1,1,1,0,1,1,1,1,1,0,1,0,1,NA,1,1,1,1,1,1,1
UPPCUV,gdf815fg,5.7534,0,,2024-05-24 16:18,0.8641,103,NA,1,1,0,1,NA,1,1,1,1,1,1,1,1,1,1,1,0,0,1,1,1,NA,1,0,1,1,1,1,1,1,NA,0,1,1,1,1,0,NA,1,1,0,1,1,1,1,1,1,1,1,1,1,1,1,1,1,1,1,1,1,1,1,0,1,1,1,1,1,1,1,1,1,1,NA,1,1,0,0,1,1,1,0,1,1,0,1,1,1,1,1,1,0,1,1,1,1,1,1,1,0,1,1,1,1,1,1,1,1,1
JRADdc,gce099eg,6.274,0,,2024-05-29 00:37,0.5534,103,1,1,1,0,1,1,0,NA,1,1,0,0,0,1,1,1,NA,0,1,1,1,1,1,0,0,0,0,1,1,1,0,1,0,1,0,1,1,0,0,0,0,0,1,0,1,0,1,0,NA,1,0,1,0,1,0,1,0,0,0,1,1,1,0,1,0,0,1,0,1,1,1,1,1,1,1,0,0,0,1,1,1,0,0,1,0,1,0,NA,1,1,1,0,0,0,1,0,1,1,0,1,1,0,1,0,1,NA,NA,0,1
ESNDTZ,ga377f5g,6.4384,0,,2024-06-03 23:05,0.7864,103,0,1,1,0,1,1,0,1,1,0,1,0,0,1,1,1,1,0,0,0,1,1,1,1,1,1,1,1,1,1,1,1,0,1,1,1,1,1,1,1,1,1,1,NA,1,1,1,1,0,1,1,1,1,NA,0,1,1,0,0,1,1,1,0,1,1,1,NA,1,1,1,1,1,1,1,1,0,0,1,1,1,1,1,1,1,0,1,1,1,1,NA,1,NA,1,1,1,NA,1,0,1,0,1,1,1,0,0,1,1,1,1
32PRGY,g50ec18g,3.2603,0,,2024-05-30 17:12,0.6214,103,1,1,1,0,1,1,1,0,1,0,0,0,0,1,1,1,NA,0,0,0,1,1,1,1,1,0,0,1,0,1,1,1,0,1,1,0,0,0,1,0,1,0,NA,0,1,0,1,1,0,1,1,1,0,1,0,1,1,0,0,NA,1,1,0,1,1,1,NA,1,1,1,0,1,1,1,1,1,1,1,1,1,1,1,0,1,0,NA,0,1,1,0,1,0,1,1,1,0,0,0,0,0,1,1,1,NA,0,1,1,1,0
TLXXJR,ga7d803g,5.0959,0,,2024-06-03 22:04,0.8447,103,1,NA,1,1,1,1,0,1,1,1,1,0,1,1,1,1,1,0,0,0,NA,1,1,1,0,0,1,1,1,1,1,1,1,1,1,1,1,1,1,1,1,1,1,0,1,0,1,0,1,1,1,1,1,1,0,1,1,1,NA,1,1,1,0,1,1,1,1,1,1,1,1,1,1,1,1,0,1,0,1,1,1,1,0,1,0,1,1,1,1,1,1,1,1,1,1,1,1,NA,1,1,1,1,1,1,1,1,NA,NA,1
B6FALd,g79aa27g,5.9178,0,,2024-06-03 19:59,0.699,103,1,1,1,1,1,1,0,1,0,0,1,1,0,1,1,1,0,1,0,1,NA,1,1,1,0,1,1,1,0,1,1,NA,0,1,1,1,0,1,1,1,0,0,1,1,1,0,1,0,1,1,1,1,1,NA,0,1,1,0,1,1,1,0,0,1,0,1,1,0,1,0,1,1,1,NA,1,0,0,0,1,1,1,0,0,1,NA,0,1,1,1,1,1,0,0,1,1,1,1,1,1,1,0,1,NA,1,1,1,1,0,1
ZFDEEP,g6ab733g,6.411,0,,2024-05-18 16:56,0.9612,103,1,1,1,1,1,1,1,1,1,1,NA,1,1,1,1,NA,1,1,1,1,1,1,1,1,1,1,1,1,1,1,1,1,1,1,1,1,1,1,1,1,1,1,1,0,1,1,1,1,1,1,1,1,1,1,1,1,1,1,1,1,1,1,1,1,1,1,1,1,1,1,1,1,NA,1,1,0,1,1,1,NA,1,1,1,1,0,1,1,1,1,1,1,0,NA,1,1,1,1,1,1,1,1,1,1,1,1,1,NA,1,1
ZLP5BU,g33f040g,4.3562,0,,2024-05-29 19:51,0.7573,103,0,0,1,1,1,1,1,NA,1,NA,1,0,0,1,1,1,1,1,NA,0,1,0,1,0,1,0,1,1,1,1,1,1,0,1,1,1,1,1,1,0,1,0,1,1,NA,0,1,1,1,1,1,1,1,1,0,1,1,1,1,1,1,1,0,1,1,1,1,1,1,1,1,1,0,1,0,0,0,0,1,1,1,1,0,1,NA,1,0,1,1,0,1,1,1,0,1,1,1,1,1,0,1,1,1,0,1,1,NA,1,1
McX4NS,g21f031g,4.411,0,,2024-05-06 16:50,0.5146,103,0,0,0,NA,1,0,0,0,0,NA,0,0,1,0,1,1,1,0,1,0,1,0,1,1,0,0,0,1,0,1,1,1,0,1,0,1,0,1,1,0,1,0,1,0,1,0,1,1,NA,1,1,0,0,1,0,1,1,0,0,0,0,1,0,1,0,1,1,1,1,1,0,1,NA,1,0,0,0,0,1,1,1,0,0,1,0,0,NA,1,0,0,1,1,1,1,1,0,1,0,1,0,0,1,1,0,1,1,NA,0,1
6S5P7P,g72a72fg,6.7397,0,,2024-05-27 16:38,0.6214,103,1,0,1,0,1,1,1,1,1,NA,0,1,1,1,1,1,1,NA,1,0,0,1,0,0,0,1,0,1,0,1,1,1,0,1,1,1,1,0,1,1,0,1,1,0,0,0,0,1,1,0,1,0,0,1,0,1,0,1,1,0,0,1,0,1,0,1,NA,1,1,NA,0,1,1,1,1,1,0,0,1,1,1,1,1,1,0,1,0,1,1,NA,1,0,0,0,1,0,1,0,1,0,1,1,1,1,0,NA,1,0,1
cDLNVc,g6f2147g,3.9178,0,,2024-05-20 23:21,0.5049,103,1,0,1,0,1,1,1,0,1,0,0,0,0,0,1,0,0,1,0,0,1,0,1,1,1,1,0,0,0,1,1,NA,0,1,0,1,1,0,1,0,0,0,1,0,0,0,0,0,1,1,0,0,1,1,0,1,0,0,0,1,1,1,1,NA,1,1,1,1,0,1,1,1,1,NA,0,0,0,0,1,1,1,1,0,0,0,1,1,1,0,NA,1,1,0,0,NA,0,NA,0,0,0,1,0,1,1,1,1,1,0,0
VcccKD,g6a9476g,3.726,0,,2024-07-08 17:48,0.5825,103,0,0,0,0,0,1,1,1,1,1,1,0,1,1,NA,1,0,0,0,1,1,NA,1,0,0,1,0,0,0,1,1,1,0,1,0,1,1,0,1,0,1,0,NA,0,1,0,0,0,1,1,0,NA,0,1,0,1,0,0,1,1,1,1,0,1,0,0,NA,1,0,1,0,1,1,1,1,0,0,1,1,0,1,1,0,1,0,0,0,1,1,1,1,1,1,0,1,1,1,0,1,0,1,1,1,1,1,1,1,NA,1
4QcWBV,gb55f11g,6.4384,0,,2024-05-30 18:33,0.7087,103,0,0,1,0,1,0,1,1,0,1,0,0,1,1,1,0,0,1,NA,0,0,1,1,0,1,1,1,1,1,1,1,NA,0,1,1,NA,1,0,1,1,0,0,1,0,1,0,NA,1,0,1,1,1,1,1,1,1,1,1,0,1,1,1,1,1,0,1,1,1,1,1,1,1,1,1,1,1,0,1,1,1,1,0,1,1,1,1,0,1,1,0,NA,1,1,0,NA,0,1,0,1,1,1,1,1,1,0,1,1,0,1
KTX6KF,g4e0308g,3.6164,0,,2024-05-23 16:39,0.6796,103,0,0,0,1,1,1,1,1,1,1,1,0,0,1,1,1,1,0,1,1,1,1,1,0,NA,1,1,1,1,1,0,NA,0,1,1,1,1,1,0,1,0,0,1,0,1,0,0,0,1,1,0,1,1,NA,0,1,0,1,1,0,1,1,0,1,0,0,1,1,1,0,1,1,0,1,0,NA,0,0,1,1,1,1,1,NA,0,NA,0,1,0,1,1,1,1,1,1,1,1,1,1,1,1,1,1,0,1,1,1,1,0
MXZPEY,g2d1790g,6.6849,0,,2024-05-22 14:37,0.8252,103,1,0,0,1,1,1,0,1,1,1,NA,1,0,1,1,1,1,0,0,1,1,1,1,1,1,0,1,1,1,1,1,1,0,1,1,NA,1,1,1,1,1,0,1,1,1,1,1,1,1,1,1,1,NA,1,0,1,1,1,1,1,1,1,0,1,1,1,1,1,1,1,1,1,1,1,NA,0,1,1,1,1,1,0,0,NA,0,1,0,1,1,1,1,0,1,1,1,1,1,1,1,0,1,1,1,1,1,1,NA,1,1
FQcGAc,g000695g,4.7671,0,,2024-05-21 21:29,0.7087,103,0,0,1,0,1,1,1,1,0,1,1,1,1,1,1,1,0,1,1,1,1,0,1,1,0,1,0,1,0,1,1,1,0,NA,1,NA,1,0,1,1,1,1,1,NA,0,0,0,1,NA,1,1,0,1,1,1,1,1,0,1,0,1,1,0,1,0,1,1,0,0,1,0,1,1,1,0,0,1,1,1,1,1,1,0,0,1,0,0,1,1,1,1,1,1,0,1,1,1,NA,1,0,1,1,1,1,1,1,NA,1,1
DQGYR5,g5eda38g,4.5753,0,,2024-06-14 19:12,0.767,103,0,0,1,0,1,1,1,0,1,0,1,1,0,1,1,1,1,0,0,1,1,1,1,NA,NA,0,1,1,1,1,1,1,0,1,0,1,1,1,1,1,0,0,1,0,1,1,0,0,1,1,1,1,1,1,0,1,1,1,1,1,1,1,0,1,1,1,NA,1,1,1,1,1,NA,1,1,1,0,1,1,1,1,0,1,1,0,1,1,1,0,1,1,0,1,1,1,1,NA,1,1,0,1,1,1,1,1,1,1,NA,1
MG6KCB,g431aefg,6.2466,0,,2024-06-20 03:50,0.7864,103,1,0,1,1,1,1,1,1,NA,1,1,0,1,1,1,1,1,0,0,1,1,0,1,1,0,1,1,1,1,1,1,1,0,1,1,1,1,NA,1,1,1,1,1,0,0,0,0,0,1,1,0,1,1,1,1,1,1,1,1,1,1,1,0,1,1,1,1,1,1,1,1,1,1,1,1,0,0,1,1,1,1,1,0,NA,0,1,1,1,1,0,1,0,1,1,1,1,0,0,1,NA,1,1,1,NA,1,1,NA,1,1
2632QH,g13b345g,6.7945,0,,2024-06-17 16:08,0.7282,103,1,0,1,1,1,1,1,0,0,1,1,0,0,1,1,1,1,1,0,1,0,0,0,1,1,0,1,NA,1,1,1,NA,0,1,1,1,1,1,1,1,1,0,1,NA,1,0,1,0,1,1,NA,0,1,1,1,1,1,1,1,1,0,1,0,1,0,1,1,1,0,1,1,1,1,1,1,0,1,1,1,0,1,1,0,1,0,1,1,1,1,0,1,0,1,0,1,1,NA,1,1,NA,1,1,1,1,1,0,1,0,1
FC5ZWS,gef334cg,4.6301,0,,2024-06-01 17:01,0.6893,103,1,0,1,0,1,1,1,0,1,1,1,0,0,1,1,1,0,1,0,1,1,0,1,1,1,0,0,1,0,1,1,1,0,1,0,1,1,0,1,1,0,1,1,1,1,0,1,0,1,1,1,1,1,1,0,NA,NA,0,1,1,1,1,0,1,1,0,1,1,1,1,1,1,1,NA,1,1,0,0,1,1,1,1,0,1,0,0,0,NA,1,0,1,1,1,0,1,NA,1,1,1,0,1,1,1,1,1,1,NA,0,0
6YXXPS,g12e58bg,4.9589,0,,2024-06-09 17:12,0.7379,103,1,1,1,0,0,1,0,1,1,1,1,1,1,1,1,1,1,0,1,0,NA,0,1,1,0,NA,0,NA,1,1,1,1,1,1,1,1,1,1,0,1,NA,1,1,1,1,0,1,1,1,1,0,1,1,1,0,1,0,0,1,1,1,1,0,1,0,0,1,1,0,1,1,1,1,1,1,1,0,1,1,1,1,0,0,0,0,1,1,1,1,0,1,1,1,0,1,1,0,1,1,NA,1,1,1,1,1,1,NA,0,1
EFRN4T,g1e15d3g,4.6301,0,,2024-05-31 23:54,0.6408,103,1,0,1,0,1,1,1,1,1,0,1,0,0,0,1,1,NA,1,0,1,1,1,1,0,0,0,1,0,0,1,1,1,1,1,0,1,1,0,1,1,1,0,1,0,1,0,1,0,NA,1,NA,0,0,1,0,1,0,1,0,1,1,1,0,1,1,1,1,1,1,1,1,1,1,1,0,0,0,0,1,1,1,0,0,0,0,0,1,1,1,NA,1,1,0,1,NA,1,1,1,1,0,1,1,0,1,1,1,NA,0,1
4T5KSG,g2713dfg,6.9041,0,,2024-06-01 00:48,0.767,103,0,0,1,1,0,1,1,1,1,1,1,1,1,1,1,1,0,0,0,0,1,1,1,1,1,NA,1,1,1,1,1,1,0,1,1,1,1,0,1,1,0,0,1,1,1,0,1,1,1,1,NA,1,0,1,0,1,0,1,1,NA,1,1,0,1,1,1,1,1,NA,1,NA,1,1,1,1,0,0,0,1,1,1,0,1,1,0,1,1,1,1,1,1,1,1,0,1,1,1,1,1,0,1,1,1,1,1,1,NA,0,1
Jc3YDY,g16f002g,6.5479,0,,2024-05-27 00:45,0.8058,103,1,1,1,1,1,1,1,1,NA,1,1,0,0,1,1,1,0,0,1,1,1,1,0,1,0,1,1,1,1,1,1,1,0,1,1,1,1,1,1,1,1,0,1,0,1,0,1,1,1,1,1,1,0,1,1,NA,1,1,1,1,0,1,0,NA,0,1,NA,1,1,1,1,1,1,1,1,0,0,NA,1,1,1,1,0,1,0,1,1,0,1,NA,1,1,1,1,1,1,1,1,0,1,1,1,1,1,1,1,1,1,1
NZ2dNQ,g8021d8g,5.1507,0,,2024-04-29 19:45,0.4466,103,0,0,1,0,0,1,1,0,0,NA,1,1,0,1,1,0,0,0,0,0,1,0,0,0,0,1,1,1,0,1,NA,NA,0,1,0,1,0,0,1,0,1,0,1,0,0,NA,1,0,0,0,NA,0,0,0,0,1,0,0,0,0,1,1,1,1,0,1,0,0,0,0,1,1,1,0,0,0,0,1,0,1,0,1,0,1,0,1,0,1,0,0,1,1,NA,1,1,0,0,1,1,0,1,1,1,0,1,1,1,0,1
UJ3dDE,gde0d5eg,4.9041,0,,2024-05-27 20:21,0.6699,103,0,0,NA,1,1,1,1,NA,0,1,0,0,1,1,1,1,1,0,0,1,0,0,1,1,1,0,1,NA,1,1,1,NA,0,1,1,1,1,0,0,0,1,0,1,0,1,0,1,1,1,1,1,1,1,0,0,1,1,0,1,NA,0,1,0,1,1,1,1,1,1,NA,0,1,1,1,1,0,0,0,1,1,1,0,0,1,0,1,1,1,1,1,1,0,1,1,1,1,1,0,1,0,1,1,1,1,0,1,1,0,1
MYDHL4,gd7619dg,3.9726,0,,2024-06-12 20:17,0.5825,103,1,0,1,0,NA,1,0,NA,0,1,1,1,1,1,1,1,0,1,0,1,NA,0,1,1,1,0,0,0,1,1,1,NA,1,1,1,1,1,1,1,1,1,1,NA,0,0,0,1,1,0,1,1,1,0,1,0,1,1,0,NA,1,0,0,0,0,1,0,1,0,0,0,0,0,0,1,1,1,0,0,1,1,1,0,1,1,0,0,1,1,0,0,1,0,1,1,1,1,0,0,1,0,1,0,1,1,0,1,1,0,0
PCC4cF,gf14de3g,4.6575,0,,2024-06-22 14:56,0.7476,103,0,0,1,1,1,1,1,1,1,1,1,0,1,1,1,1,1,0,0,1,1,0,1,1,0,0,0,1,0,1,1,NA,0,1,1,1,1,1,1,1,1,0,1,0,1,0,1,NA,1,1,0,1,1,1,0,1,1,1,1,1,1,1,1,1,0,1,1,1,1,NA,0,1,1,1,1,0,0,0,1,NA,1,0,1,0,NA,1,0,1,1,1,1,0,1,1,1,1,1,1,1,0,1,1,1,NA,1,1,1,1,1
dUccR3,g53a3f4g,5.9178,0,,2024-06-27 22:50,0.7184,103,0,1,NA,1,1,1,1,1,1,1,1,0,0,NA,1,1,0,0,0,1,1,1,0,1,0,0,1,0,1,0,1,NA,NA,1,1,0,1,1,1,0,1,0,1,0,1,0,1,0,0,NA,1,1,1,1,1,1,1,1,1,1,1,1,0,1,1,1,1,1,0,1,1,1,1,1,1,0,0,1,1,NA,0,1,1,1,0,1,0,1,1,1,1,1,1,1,1,0,0,0,1,1,1,0,1,1,1,1,1,1,1
ZDAYST,g8239cfg,4.4658,0,,2024-06-21 00:21,0.6408,103,1,0,1,1,1,1,1,1,1,1,NA,0,0,1,1,1,1,0,0,0,0,1,0,1,0,1,1,1,1,1,1,NA,1,1,1,1,1,0,1,1,1,0,1,0,1,0,1,1,NA,1,0,1,0,1,NA,1,0,0,1,NA,0,1,0,1,0,1,0,0,1,0,1,1,1,NA,1,0,0,0,1,1,1,0,0,1,0,0,0,0,1,0,1,1,1,0,1,1,1,1,1,0,1,1,1,1,0,1,1,0,1
E465U4,ga3cc17g,5.1781,0,,2024-06-17 22:12,0.7379,103,1,0,0,0,1,1,1,1,0,1,1,0,0,1,1,NA,1,0,0,1,1,1,1,1,0,0,0,1,1,1,1,NA,0,1,NA,0,1,0,1,1,1,1,1,0,1,0,1,NA,1,0,1,1,1,0,0,1,1,1,1,1,1,1,1,1,0,NA,1,1,1,1,0,1,1,1,1,1,0,1,1,1,1,0,0,1,1,1,1,1,1,1,1,0,1,1,1,1,1,1,0,0,1,1,NA,1,1,1,1,1,1
Q2H4HQ,g266c61g,3.7808,0,,2024-05-27 19:23,0.3804,92,1,0,0,0,0,0,0,0,1,1,NA,0,NA,0,1,0,0,1,0,NA,1,0,0,0,0,NA,0,1,0,NA,0,NA,0,NA,0,0,NA,1,0,NA,0,NA,1,0,0,0,1,0,0,0,0,0,1,0,NA,1,0,1,1,1,0,1,1,1,0,1,0,1,NA,0,NA,0,0,0,1,0,0,0,1,1,1,0,0,0,1,1,0,0,NA,1,1,0,0,0,1,0,0,1,NA,0,1,0,1,1,0,NA,1,NA,1
ECXV6E,gf03373g,5.8356,0,,2024-06-29 19:34,0.6796,103,1,0,1,0,1,1,1,1,NA,0,0,1,1,1,1,1,1,0,0,NA,0,0,1,1,1,1,1,1,NA,0,1,1,0,1,0,1,1,0,1,1,0,0,1,0,1,1,1,1,0,1,1,1,1,1,0,1,1,1,1,1,0,1,0,0,1,0,NA,0,1,NA,0,1,0,1,0,0,1,0,1,1,1,1,1,1,0,1,NA,1,1,1,1,0,1,0,1,1,1,0,1,1,1,1,1,1,0,1,1,0,1
YPAcXF,g9ec846g,5.9726,0,,2024-06-04 18:52,0.7961,103,1,0,1,1,1,1,1,1,1,1,1,0,0,1,1,NA,1,0,1,1,1,1,1,1,1,NA,1,1,1,1,1,1,0,1,1,1,1,1,1,1,0,0,1,1,1,0,1,1,NA,1,1,1,1,1,0,1,1,0,1,1,0,1,0,1,1,1,NA,1,0,1,1,1,1,0,1,0,0,0,1,NA,1,1,0,1,0,1,1,1,1,1,1,1,1,1,1,1,1,0,1,1,1,1,1,NA,1,1,1,0,1
SRXXYR,gb10112g,3.1781,0,,2024-05-30 17:29,0.3689,103,0,0,1,0,0,0,0,1,0,0,1,0,0,0,1,0,0,0,0,0,0,0,1,0,0,0,NA,0,0,1,1,1,0,1,0,0,0,0,1,0,0,NA,1,0,0,0,0,1,1,1,0,1,0,1,0,1,0,NA,1,0,0,0,0,0,0,0,NA,0,0,1,0,1,0,1,0,1,NA,1,1,1,1,0,0,NA,1,0,1,1,0,0,1,0,1,1,0,0,0,1,0,0,1,0,1,0,0,1,1,1,0
2FHKUc,g267e49g,3.8356,0,,2024-06-05 20:46,0.767,103,1,1,0,1,1,1,0,1,1,1,1,0,0,1,NA,1,1,1,1,1,1,0,1,1,1,1,0,1,1,1,1,1,0,1,1,1,1,1,1,1,1,0,1,NA,1,0,1,1,NA,1,1,1,0,1,0,1,0,0,1,1,1,1,1,1,0,1,NA,0,1,1,1,1,1,1,1,0,NA,1,1,1,1,0,0,NA,0,1,0,1,1,1,1,0,1,1,1,1,1,0,1,1,1,0,1,1,1,1,1,0,1
76V2dA,ge5405fg,5.0685,0,,2024-06-14 15:54,0.835,103,1,0,1,0,1,1,NA,0,1,1,1,1,1,1,1,1,1,0,0,1,1,1,NA,1,1,1,1,1,1,NA,1,1,1,NA,1,1,1,1,1,1,1,0,1,1,1,0,1,1,1,1,1,1,1,1,1,1,1,1,1,1,1,1,0,1,0,1,NA,1,0,1,1,1,1,1,1,1,0,0,1,1,1,1,0,1,0,1,1,1,1,1,1,1,NA,1,1,1,1,1,1,0,1,1,1,1,0,1,1,0,1
S3KWPd,g6ae29bg,3.0411,0,,2024-05-07 14:41,0.4951,103,NA,0,NA,0,0,1,0,0,1,1,1,1,0,0,0,1,1,0,NA,1,0,0,1,0,0,0,1,1,0,1,1,1,1,1,1,1,0,0,NA,0,0,0,1,0,0,0,1,0,1,1,0,1,1,1,NA,1,0,0,0,1,0,1,0,1,0,0,NA,1,1,1,0,0,0,1,1,0,1,0,1,0,1,0,0,1,0,0,0,1,1,0,1,1,1,0,1,0,1,1,1,0,1,0,1,0,0,1,1,0,0
LD6GPS,gc62688g,5.6712,0,,2024-07-02 19:42,0.8155,103,0,0,0,1,1,0,0,1,1,1,1,1,1,1,1,1,NA,1,0,1,1,1,1,1,1,1,1,1,1,1,1,1,0,1,1,1,1,1,1,1,1,0,1,0,1,1,1,1,1,NA,1,1,NA,1,0,1,0,1,1,1,1,1,0,1,0,1,NA,1,1,1,1,1,1,1,1,1,0,1,1,1,1,0,NA,1,0,1,1,1,1,0,1,0,1,1,1,NA,1,1,1,0,1,1,1,1,1,1,1,1,1
YdY34J,g6c3f3dg,6.3562,0,,2024-06-26 17:49,0.7961,103,1,0,1,1,1,1,0,1,1,1,1,0,1,1,1,1,NA,0,0,1,1,0,1,1,1,1,1,1,1,1,1,1,1,1,1,1,0,1,1,1,1,0,1,0,1,0,1,1,0,0,1,1,1,1,0,1,NA,1,1,1,1,1,0,1,0,1,1,1,1,1,1,1,1,1,1,0,1,1,1,0,1,1,0,NA,0,1,NA,1,1,1,1,NA,1,1,0,1,1,1,1,0,1,1,1,1,1,1,NA,1,1
GFGcEU,g50bc44g,4.8219,0,,2024-06-14 12:02,0.7961,103,0,1,0,0,0,1,1,1,1,1,1,1,1,1,1,1,1,1,1,NA,1,1,NA,1,1,NA,1,1,0,1,1,1,0,1,0,1,1,1,1,1,1,1,1,1,1,0,1,1,1,1,0,1,1,1,0,1,1,0,1,0,1,1,0,0,1,1,NA,0,1,0,1,1,1,1,1,0,NA,1,1,1,1,1,1,1,0,1,1,1,1,1,NA,1,1,1,1,1,0,1,1,1,1,1,1,1,0,1,1,0,1
T4EDNY,g6e1236g,3.4247,0,,2024-06-18 22:53,0.4078,103,0,0,0,0,1,NA,NA,0,0,1,1,0,0,0,1,1,1,0,0,1,0,1,1,0,1,0,0,0,0,1,1,NA,0,1,0,1,0,1,0,1,0,0,1,0,NA,0,1,0,1,0,0,0,0,1,0,1,0,0,0,0,1,1,1,1,1,0,1,1,1,1,0,0,0,0,0,0,0,1,1,1,NA,0,0,NA,0,1,0,1,0,0,0,0,0,0,1,0,1,0,1,0,1,0,1,0,0,1,1,0,0
2LcPEY,gf7ee78g,6.3014,0,,2024-06-19 02:13,0.9126,103,1,1,0,1,1,1,1,1,1,1,1,1,1,1,1,1,0,0,1,1,NA,1,1,1,1,0,1,1,1,1,1,1,1,1,1,1,1,1,1,1,1,1,1,0,1,1,1,0,1,1,1,1,1,1,0,1,1,1,1,1,1,1,1,1,1,1,1,1,1,1,1,1,1,1,0,1,1,1,1,1,1,1,1,1,0,1,1,1,1,1,1,1,NA,1,1,1,1,1,1,1,1,1,1,NA,NA,NA,NA,1,1
2TUBYN,gd3ed34g,4.6849,0,,2024-04-28 21:55,0.6893,103,1,0,1,1,0,1,1,1,0,1,0,0,0,1,1,1,1,1,0,0,1,0,1,1,1,1,0,1,0,1,NA,NA,0,1,1,1,0,1,1,1,1,0,1,0,1,0,1,1,1,1,1,1,1,0,0,1,1,0,NA,0,NA,1,0,1,0,1,1,1,1,1,0,1,1,1,1,1,0,0,1,1,1,0,0,1,0,0,1,1,1,1,1,0,1,0,1,1,NA,1,1,1,1,1,1,1,0,1,1,1,NA
3SdR5Y,gf708f6g,6.0274,0,,2024-05-19 22:05,0.5243,103,1,NA,0,1,0,1,1,1,0,0,0,0,0,1,1,1,0,0,0,1,0,0,0,0,0,1,1,NA,0,1,1,NA,0,1,NA,0,1,0,1,0,0,0,1,1,1,0,1,1,1,0,0,1,0,1,0,1,0,0,0,0,0,1,NA,1,1,1,1,1,1,0,0,1,1,0,1,0,0,1,1,0,1,0,0,0,0,1,0,1,1,0,0,NA,1,0,1,0,1,0,1,1,0,1,1,1,1,1,1,1,1
Y335Z6,g944ea0g,3.7534,0,,2024-06-22 17:19,0.835,103,1,0,1,1,1,1,0,1,1,1,1,0,0,1,1,1,1,1,1,1,1,1,1,1,0,1,1,1,1,1,1,1,0,1,1,1,1,0,1,1,1,1,1,0,1,1,1,0,0,0,1,1,1,1,1,NA,1,1,0,1,1,1,1,1,1,1,1,1,1,1,1,1,1,1,1,1,1,1,1,1,1,0,NA,1,NA,1,1,1,1,0,NA,1,1,1,1,1,1,0,NA,1,1,1,1,1,0,1,NA,0,1
GYZ7PZ,gcb4527g,6.9315,0,,2024-06-24 22:50,0.9029,103,1,0,1,0,1,1,1,1,1,1,1,0,1,1,1,1,1,0,1,0,1,1,1,1,1,1,1,1,1,1,1,NA,0,1,1,1,1,1,1,1,NA,1,1,0,1,1,1,1,1,1,1,1,1,1,1,1,1,1,1,1,1,1,1,1,1,1,1,1,1,1,NA,0,1,1,NA,1,1,1,1,1,1,1,1,1,NA,1,1,1,1,NA,1,1,1,0,1,1,1,1,1,1,1,1,1,1,1,1,1,0,1
DVAR52,g5bb70fg,4.9041,0,,2023-12-26 16:22,0.8058,103,1,NA,1,1,1,1,1,1,1,1,1,0,0,1,1,1,1,1,1,1,1,0,1,0,1,1,1,1,1,1,1,1,0,1,1,1,1,1,0,1,1,0,1,0,1,0,1,0,1,1,1,1,1,1,0,1,1,0,1,NA,1,1,0,1,0,1,NA,1,1,1,0,1,1,1,NA,0,NA,1,1,1,1,1,1,1,0,1,1,1,1,1,1,0,1,1,1,1,1,1,1,1,1,0,1,NA,1,1,1,0,1
TSC7PL,g8c8d50g,5.2877,0,,2023-12-21 22:32,0.4951,103,0,0,0,0,1,0,0,0,1,1,1,0,NA,0,1,1,0,0,0,0,0,0,0,1,0,1,0,1,0,1,1,NA,0,1,1,1,0,0,1,0,1,0,1,1,1,0,0,1,0,0,0,1,0,0,0,NA,1,0,0,1,0,1,0,1,1,0,1,1,1,1,0,1,NA,1,0,0,0,0,1,1,NA,0,1,1,0,0,1,1,1,0,1,1,0,0,1,0,1,0,1,NA,1,0,1,1,0,1,1,1,1
F4FMFL,g2d961fg,5.2055,0,,2023-12-22 15:29,0.8835,103,1,0,NA,0,1,1,1,1,0,1,1,1,1,1,1,1,NA,1,1,0,1,1,1,1,1,1,NA,1,1,1,1,NA,NA,1,1,1,1,1,1,1,1,1,1,1,1,1,1,1,1,1,1,1,1,1,1,1,0,1,1,0,1,NA,0,1,1,1,1,1,1,1,1,1,1,1,1,1,0,0,1,1,1,0,1,1,0,1,1,1,1,1,1,0,1,1,1,1,1,1,1,1,1,1,1,1,1,1,1,1,1
X623EU,ge018a1g,6.4932,0,,2023-12-23 17:56,0.8447,103,1,0,1,0,1,NA,1,1,1,0,1,0,0,1,1,1,1,1,0,1,1,0,1,0,1,1,1,1,1,1,1,1,1,NA,1,1,1,1,1,1,1,1,1,0,1,0,1,1,1,1,1,1,1,1,1,1,1,1,1,1,1,1,0,1,1,1,1,1,1,1,1,1,1,1,1,1,1,0,1,1,1,1,0,1,0,NA,1,1,1,0,1,1,1,1,1,1,1,0,NA,1,1,1,NA,1,1,1,NA,1,1
HHUPWF,g7c51cag,3.6712,0,,2023-12-27 21:54,0.5631,103,1,1,0,0,1,1,0,0,0,0,1,0,0,0,1,0,NA,0,0,0,0,0,0,1,1,1,1,1,1,1,1,1,0,1,1,1,0,0,1,1,0,0,1,NA,1,0,1,0,0,NA,1,1,0,1,0,1,1,0,NA,1,1,1,0,1,0,1,1,1,1,1,1,1,1,1,0,0,0,1,0,1,0,0,0,1,1,1,1,1,1,0,1,0,1,1,1,1,0,0,1,0,1,0,1,0,NA,1,NA,0,0
DBKHJN,g88bb0cg,3.9726,0,,2023-12-26 00:02,0.7282,103,0,NA,1,1,1,1,1,0,1,1,1,1,1,1,1,1,1,0,NA,1,1,0,1,1,0,0,1,0,1,1,1,1,1,1,0,1,NA,1,1,1,1,0,0,0,0,1,1,0,NA,1,1,1,1,1,0,1,1,0,1,1,1,NA,0,1,1,1,0,1,1,1,0,1,1,1,1,1,1,1,0,1,1,1,1,1,0,1,0,1,1,0,1,0,1,1,0,1,1,1,1,0,1,0,0,1,0,1,NA,1,1
XU3FRJ,g688640g,4.8219,0,,2023-12-26 20:27,0.5631,103,1,0,1,1,0,1,0,1,0,1,0,0,0,0,1,1,1,1,1,0,1,1,0,0,1,0,NA,0,0,1,0,0,1,1,0,1,1,0,1,1,0,1,1,0,0,1,1,0,1,0,1,1,0,0,0,1,1,0,0,1,1,1,0,1,0,NA,NA,1,1,1,1,1,NA,0,1,1,0,0,0,1,1,0,0,1,0,NA,NA,1,1,0,1,1,1,0,1,1,0,0,0,0,1,1,0,1,1,1,1,0,1
cAU3M2,gf32aa4g,4.1644,0,,2023-12-27 17:24,0.5728,103,1,1,NA,0,1,1,0,1,NA,1,1,0,0,1,1,1,0,0,0,0,1,0,0,0,0,0,1,1,0,1,1,1,0,1,1,1,0,0,1,1,1,0,1,0,1,0,1,1,0,1,NA,1,0,1,0,1,0,0,0,1,0,1,0,1,1,1,NA,0,1,1,0,NA,0,1,1,1,0,0,1,1,1,0,0,1,1,0,NA,1,1,0,1,0,1,0,1,1,1,0,1,0,1,1,1,0,0,1,1,1,0
VEMPSN,g3b524cg,4.6575,0,,2023-12-22 00:13,0.7087,103,1,0,1,1,1,1,0,1,1,1,1,1,0,1,NA,1,0,1,0,1,1,1,1,NA,0,0,NA,1,0,1,1,NA,0,1,1,NA,1,1,1,1,1,0,1,0,1,0,1,NA,0,1,1,1,0,1,0,1,1,1,1,1,1,1,0,1,0,1,1,1,1,1,1,1,1,1,1,0,0,1,1,1,1,0,0,1,0,0,0,1,1,1,1,0,1,0,1,1,1,0,0,0,1,1,1,0,1,1,1,1,1
PVMSFX,gc0de94g,6.8493,0,,2023-12-24 20:40,0.7961,103,0,0,1,1,1,NA,1,NA,0,1,1,0,0,1,1,1,1,0,1,1,1,0,1,1,1,1,0,1,1,1,1,1,1,1,1,1,1,1,1,0,1,0,NA,1,1,1,1,NA,1,1,1,1,1,1,0,1,1,1,0,1,1,1,1,1,1,0,1,1,1,1,1,1,1,NA,1,0,1,0,1,1,1,0,1,1,0,0,1,1,1,1,1,1,1,1,1,1,0,1,1,0,1,1,1,0,1,1,NA,1,1
TCGLX5,g9452b1g,5.6438,0,,2023-12-27 22:36,0.835,103,1,0,1,1,1,1,1,1,1,1,1,0,1,1,1,1,1,0,1,0,1,1,1,NA,1,NA,1,1,1,1,1,1,0,1,1,1,1,1,1,1,1,1,1,0,1,0,1,1,1,1,1,1,1,1,0,1,1,1,1,1,1,1,0,1,NA,1,NA,1,1,1,0,1,1,1,0,0,0,0,1,1,1,1,1,1,1,1,1,1,1,0,1,1,1,1,1,1,1,1,1,1,1,0,NA,1,1,NA,1,0,1
FCZMGR,gefbb42g,5.9178,0,,2023-12-23 15:59,0.6796,103,0,0,1,0,NA,1,0,0,0,1,1,0,0,1,1,1,0,1,0,0,1,NA,0,1,1,1,0,1,0,1,1,1,1,1,1,NA,0,0,1,1,1,0,NA,1,0,0,1,1,1,1,1,1,1,1,0,1,1,1,1,1,0,1,0,0,1,1,1,1,1,1,1,1,0,1,1,0,0,0,1,1,1,0,0,1,0,1,1,1,1,1,1,1,NA,0,1,1,1,1,1,0,1,1,1,1,1,1,NA,0,1
3FWLR4,gc90351g,3.7534,0,,2023-12-24 17:40,0.7087,103,1,0,0,1,1,1,0,0,1,1,1,0,0,1,1,1,NA,1,1,0,1,1,1,0,1,1,0,1,0,1,1,1,1,1,1,0,0,1,1,1,0,1,1,0,1,0,0,1,1,1,1,1,1,1,0,1,0,1,0,0,1,1,0,NA,1,1,1,1,0,1,1,1,0,1,0,1,1,0,1,1,1,1,1,1,NA,1,0,1,0,1,1,0,1,1,1,1,1,1,1,1,1,0,NA,1,NA,1,NA,0,1
PRNQX7,gde9aa3g,6.137,0,,2023-12-25 19:36,0.7379,103,1,0,0,1,1,1,0,NA,0,0,NA,1,0,1,1,1,1,1,1,0,0,1,0,1,1,0,1,1,0,1,1,1,0,1,1,1,1,1,1,1,1,1,1,0,NA,0,1,1,1,0,0,1,0,1,1,1,0,0,1,1,1,1,0,1,1,1,1,1,1,1,1,1,1,1,1,0,0,NA,1,1,1,1,1,1,0,1,1,1,1,1,1,1,1,1,NA,1,1,0,1,0,1,1,1,0,1,1,NA,0,1
HGJRYR,gaa995cg,5.6438,0,,2023-12-27 22:51,0.8252,103,1,1,0,0,1,1,1,1,1,1,1,0,1,1,1,1,1,0,1,0,1,1,1,1,1,0,0,1,1,1,1,1,1,1,1,1,1,1,1,1,1,NA,1,1,1,0,1,1,1,NA,1,1,1,1,0,1,NA,1,1,1,0,1,0,1,1,0,NA,1,1,NA,NA,1,1,1,1,1,1,0,1,1,1,1,0,1,1,1,1,1,1,0,1,1,1,1,1,1,1,0,1,1,1,1,1,1,0,1,1,0,1
MH22D2,g49a9d2g,4.1096,0,,2023-12-26 21:02,0.6117,103,1,0,1,1,1,1,1,0,1,0,1,0,0,1,1,NA,0,1,0,1,1,1,0,NA,0,0,1,1,0,1,1,1,0,1,0,0,1,1,1,1,1,0,1,0,0,0,1,1,1,0,0,1,0,1,0,0,0,1,1,1,1,1,0,1,1,1,NA,1,1,1,1,1,0,1,1,0,0,0,1,1,NA,0,0,NA,0,1,0,NA,1,0,0,1,1,0,1,1,0,1,1,0,1,1,1,1,0,1,1,0,1
46PBGN,g6e0fefg,6.6301,0,,2023-12-22 18:08,0.9126,103,1,0,1,0,1,1,0,0,1,1,1,1,1,1,1,1,1,1,1,1,1,1,1,1,1,1,1,1,1,1,1,1,1,1,1,1,1,1,1,1,1,1,1,NA,1,1,1,1,1,1,1,1,1,1,0,1,1,1,1,1,1,1,1,1,1,1,NA,1,NA,1,1,1,NA,1,1,1,1,0,1,1,1,1,0,1,0,1,1,1,1,1,1,0,1,1,NA,1,1,NA,1,1,1,1,1,1,1,1,1,1,1
CQQ7XB,g5c3c8fg,6.9041,0,,2023-12-27 18:24,0.699,103,1,0,1,1,1,1,0,1,1,NA,1,0,1,0,1,1,0,1,NA,1,1,1,1,1,1,0,0,1,0,NA,1,NA,1,1,1,1,1,1,1,1,1,0,1,0,1,1,0,0,1,0,0,1,0,0,1,1,1,0,1,1,1,NA,0,1,1,1,1,1,1,1,0,1,1,1,1,0,0,1,NA,1,0,0,0,1,1,1,1,1,1,1,1,1,1,0,1,1,0,0,1,0,1,1,1,0,1,1,1,0,0
2GFTA4,gd84f0bg,4.3288,0,,2023-12-23 21:22,0.6214,103,0,1,NA,1,0,1,0,NA,1,0,1,0,0,1,1,1,0,0,0,0,1,0,1,1,0,0,0,0,1,1,1,1,0,1,1,1,1,0,1,0,1,1,1,0,1,0,1,0,1,1,0,1,1,1,0,1,0,0,1,1,1,1,0,0,0,1,1,1,1,1,NA,1,1,1,1,NA,0,0,1,1,1,1,0,1,0,1,0,1,0,1,1,0,1,1,1,0,1,1,1,NA,1,1,1,0,1,1,NA,0,0
JCPCXV,ga8f75fg,4.6575,0,,2023-12-23 01:52,0.6602,103,0,0,1,1,1,NA,0,1,1,1,1,0,0,NA,1,1,1,0,0,0,1,1,0,1,0,1,0,1,0,1,1,NA,0,1,1,1,1,0,1,1,0,1,1,1,1,1,1,0,1,1,1,1,0,1,0,1,1,0,1,1,1,1,0,1,1,1,0,1,NA,1,0,1,1,1,1,0,0,1,0,1,1,0,1,1,1,0,1,1,1,0,1,NA,1,0,1,0,0,0,1,0,NA,1,1,0,1,1,1,0,1
WB547P,gca5575g,6.9315,0,,2023-12-27 20:23,0.9515,103,1,1,1,1,NA,1,1,1,1,1,1,0,1,1,1,1,1,1,1,1,1,1,1,1,1,1,1,1,1,1,1,1,0,1,1,1,1,1,1,1,1,1,1,1,1,1,1,1,1,NA,1,1,1,1,0,NA,1,1,1,1,1,1,NA,1,1,1,NA,1,1,1,1,1,1,1,1,0,1,1,1,1,1,1,1,1,1,1,1,1,1,1,1,0,1,1,1,1,1,1,NA,1,1,1,1,1,1,1,1,1,1
TdRYP5,g98d8fbg,3.6438,0,,2023-12-21 20:14,0.3786,103,0,NA,0,0,0,0,0,0,1,1,1,0,0,0,1,1,0,0,0,0,0,0,0,1,0,0,0,NA,0,1,1,1,0,1,1,1,0,1,0,0,1,0,1,0,1,1,0,0,0,0,0,1,0,0,0,0,0,0,0,0,0,1,1,1,0,1,NA,1,1,0,0,NA,0,1,0,0,NA,0,1,1,0,0,0,1,0,0,0,NA,1,0,0,1,0,1,0,1,1,0,0,0,1,0,1,0,0,1,1,1,1
M7LTYU,g6f29b0g,6.6301,0,,2023-12-26 17:17,0.8835,103,0,1,1,1,1,1,0,1,1,1,1,1,1,1,NA,1,1,1,0,1,1,1,1,1,1,1,1,1,1,1,NA,1,1,1,1,1,1,1,1,1,1,0,1,NA,1,1,1,1,1,1,1,1,1,1,0,1,1,0,1,1,0,1,0,1,1,1,NA,1,1,1,1,1,1,1,NA,1,1,0,1,1,1,1,1,1,1,1,0,1,1,1,1,0,1,1,1,1,1,NA,1,1,1,1,1,1,0,1,1,1,1
XcF4RJ,g2440ceg,5.2603,0,,2023-12-21 18:26,0.9515,103,1,1,1,0,1,1,1,1,1,1,NA,1,1,1,1,1,1,1,1,1,1,1,1,1,1,1,1,1,1,1,1,1,1,1,1,1,1,1,1,1,1,1,1,1,1,1,1,1,1,1,1,1,1,1,NA,NA,1,1,1,0,1,1,1,1,NA,1,NA,NA,0,1,1,1,1,1,1,1,1,1,1,1,1,1,1,1,1,1,0,1,1,1,1,0,1,1,1,1,1,1,1,1,1,1,1,1,1,1,1,1,1
ZTMLAU,g7d9e0eg,4.9863,0,,2023-12-23 16:32,0.6796,103,0,0,0,0,1,1,1,1,1,1,1,0,0,1,1,1,1,0,NA,1,1,1,1,1,1,0,1,0,0,1,1,1,0,NA,1,1,1,0,1,1,0,0,1,0,1,0,1,0,1,1,1,1,1,1,0,1,1,1,0,1,NA,1,0,1,1,0,1,1,1,1,1,1,1,1,1,0,0,0,0,1,1,1,0,0,0,0,1,1,NA,0,0,1,1,1,1,0,1,1,1,1,1,1,1,NA,1,1,NA,0,1
6MN62H,ge5be8cg,4.6027,0,,2023-12-26 19:06,0.6019,103,0,0,1,0,1,1,0,0,1,NA,1,0,1,1,1,1,NA,NA,1,0,1,0,0,1,1,0,0,0,0,1,1,NA,NA,1,0,NA,1,0,1,1,1,0,1,0,1,0,0,0,1,1,1,1,1,1,1,1,1,0,0,1,0,1,0,1,0,1,1,1,1,1,0,1,1,1,0,0,1,0,0,1,1,0,0,1,0,0,1,1,1,0,1,1,1,0,1,1,1,1,1,0,1,1,1,0,0,1,0,0,1
MVTW2W,g512b95g,6.5205,0,,2023-12-24 13:11,0.8641,103,1,NA,1,1,1,1,1,0,1,1,1,1,0,1,1,1,1,1,0,0,1,1,1,1,1,0,1,1,0,1,1,NA,1,1,1,1,1,1,1,1,1,0,1,1,1,0,1,0,1,1,NA,1,1,1,1,1,1,1,1,1,1,1,0,1,1,1,1,1,1,1,1,1,1,1,1,1,1,1,1,1,1,1,0,NA,0,1,1,1,1,1,1,1,1,0,1,1,1,1,1,0,1,1,NA,1,1,1,1,NA,1
AMSEMZ,g07a589g,3.4795,0,,2023-12-24 15:24,0.6117,103,NA,1,1,0,1,1,0,1,1,1,1,0,0,1,1,1,0,0,0,1,1,0,1,1,1,0,NA,0,1,1,1,1,NA,1,1,1,1,1,1,1,1,0,NA,0,1,0,0,0,1,1,1,1,0,1,NA,1,0,1,1,1,0,1,0,1,0,1,1,0,0,1,0,1,0,1,1,0,0,0,1,1,1,1,0,1,0,1,0,1,0,0,1,0,1,0,1,0,1,1,1,0,1,0,0,1,0,1,NA,0,1
6GTVEM,geb5d3cg,3.3425,0,,2023-12-26 23:32,0.2718,103,1,0,0,NA,0,0,0,0,1,0,1,0,0,0,1,0,0,0,NA,0,1,0,0,0,1,1,0,0,0,0,0,NA,0,0,0,0,0,0,NA,0,0,1,1,0,1,0,0,0,0,0,1,1,0,0,0,0,0,0,0,0,0,0,0,1,0,NA,0,0,0,0,1,1,1,0,0,1,0,0,0,1,1,0,0,0,0,0,1,0,1,0,1,NA,1,0,1,1,0,1,0,0,0,0,0,0,0,0,1,0,1
3QWQRU,g8a684eg,6.2466,0,,2023-12-21 19:12,0.6505,103,1,0,1,NA,1,0,0,1,1,1,0,0,1,1,1,1,0,1,NA,0,1,1,1,0,0,0,1,0,1,1,1,1,1,1,0,1,1,0,1,1,0,0,0,0,1,1,1,1,NA,1,0,1,1,1,0,1,0,0,1,1,1,1,0,1,0,1,1,1,1,1,0,1,1,1,1,0,1,0,1,1,1,0,0,1,0,1,0,1,NA,1,1,1,1,0,1,1,0,0,1,1,1,1,1,0,0,1,NA,0,NA
N2PZW5,gce7326g,4.0274,0,,2023-12-23 12:40,0.6019,103,1,0,0,0,1,1,0,1,1,1,1,0,0,1,1,1,1,0,0,0,1,0,1,0,1,0,1,0,0,1,1,1,0,1,0,1,0,NA,1,0,1,0,1,NA,1,1,0,1,1,1,1,0,1,NA,0,1,0,0,0,1,0,1,0,1,0,1,NA,0,1,1,0,1,1,1,1,0,1,NA,1,1,1,NA,0,1,0,1,0,1,0,0,1,1,1,0,1,1,1,1,1,0,1,0,1,0,0,1,1,1,1
FLBcSd,gdd78c0g,7.0411,0,,2023-12-26 15:12,0.932,103,NA,1,1,0,1,1,1,1,1,1,1,1,1,NA,1,1,1,1,1,1,1,1,0,1,1,1,1,1,1,1,1,1,1,1,1,1,1,1,1,1,1,0,1,1,1,1,1,1,1,1,1,1,1,1,1,1,1,1,1,0,1,NA,0,1,1,1,NA,1,1,1,1,1,1,1,1,1,1,1,1,1,1,0,1,NA,1,1,1,1,1,1,1,0,1,1,1,1,1,1,1,1,1,1,1,NA,1,1,1,1,1
PDLLAB,gfbc520g,4.6027,0,,2023-12-22 23:42,0.4951,103,1,0,1,0,0,1,1,0,0,1,0,0,0,1,1,1,0,0,0,0,0,1,1,0,1,0,1,1,1,1,NA,0,0,1,0,1,0,1,1,0,1,0,1,0,0,0,0,1,1,NA,1,0,0,1,0,1,1,0,0,1,0,1,1,1,0,0,1,1,1,1,0,1,1,1,0,0,NA,1,1,0,1,1,0,0,1,0,NA,0,1,0,1,1,0,0,1,1,1,0,0,0,1,0,0,NA,0,1,NA,0,0
PSWCJT,g237eccg,3.8082,1,tech error - no data,2023-12-21 00:00,NA,NA,NA,NA,NA,NA,NA,NA,NA,NA,NA,NA,NA,NA,NA,NA,NA,NA,NA,NA,NA,NA,NA,NA,NA,NA,NA,NA,NA,NA,NA,NA,NA,NA,NA,NA,NA,NA,NA,NA,NA,NA,NA,NA,NA,NA,NA,NA,NA,NA,NA,NA,NA,NA,NA,NA,NA,NA,NA,NA,NA,NA,NA,NA,NA,NA,NA,NA,NA,NA,NA,NA,NA,NA,NA,NA,NA,NA,NA,NA,NA,NA,NA,NA,NA,NA,NA,NA,NA,NA,NA,NA,NA,NA,NA,NA,NA,NA,NA,NA,NA,NA,NA,NA,NA,NA,NA,NA,NA,NA,NA
EVEHYG,gfa9eefg,4.1096,1,tech error - no data,2023-12-21 00:00,NA,NA,NA,NA,NA,NA,NA,NA,NA,NA,NA,NA,NA,NA,NA,NA,NA,NA,NA,NA,NA,NA,NA,NA,NA,NA,NA,NA,NA,NA,NA,NA,NA,NA,NA,NA,NA,NA,NA,NA,NA,NA,NA,NA,NA,NA,NA,NA,NA,NA,NA,NA,NA,NA,NA,NA,NA,NA,NA,NA,NA,NA,NA,NA,NA,NA,NA,NA,NA,NA,NA,NA,NA,NA,NA,NA,NA,NA,NA,NA,NA,NA,NA,NA,NA,NA,NA,NA,NA,NA,NA,NA,NA,NA,NA,NA,NA,NA,NA,NA,NA,NA,NA,NA,NA,NA,NA,NA,NA,NA,NA
EZJRHE,g0eb628g,4.9315,1,tech error - no data,2023-12-21 00:00,NA,NA,NA,NA,NA,NA,NA,NA,NA,NA,NA,NA,NA,NA,NA,NA,NA,NA,NA,NA,NA,NA,NA,NA,NA,NA,NA,NA,NA,NA,NA,NA,NA,NA,NA,NA,NA,NA,NA,NA,NA,NA,NA,NA,NA,NA,NA,NA,NA,NA,NA,NA,NA,NA,NA,NA,NA,NA,NA,NA,NA,NA,NA,NA,NA,NA,NA,NA,NA,NA,NA,NA,NA,NA,NA,NA,NA,NA,NA,NA,NA,NA,NA,NA,NA,NA,NA,NA,NA,NA,NA,NA,NA,NA,NA,NA,NA,NA,NA,NA,NA,NA,NA,NA,NA,NA,NA,NA,NA,NA,NA
dJMEPc,gad80f6g,5.2877,1,tech error - no data,2023-12-21 00:00,NA,NA,NA,NA,NA,NA,NA,NA,NA,NA,NA,NA,NA,NA,NA,NA,NA,NA,NA,NA,NA,NA,NA,NA,NA,NA,NA,NA,NA,NA,NA,NA,NA,NA,NA,NA,NA,NA,NA,NA,NA,NA,NA,NA,NA,NA,NA,NA,NA,NA,NA,NA,NA,NA,NA,NA,NA,NA,NA,NA,NA,NA,NA,NA,NA,NA,NA,NA,NA,NA,NA,NA,NA,NA,NA,NA,NA,NA,NA,NA,NA,NA,NA,NA,NA,NA,NA,NA,NA,NA,NA,NA,NA,NA,NA,NA,NA,NA,NA,NA,NA,NA,NA,NA,NA,NA,NA,NA,NA,NA,NA
WMJ5DJ,gc214b4g,5.9452,1,tech error - no data,2023-12-21 00:00,NA,NA,NA,NA,NA,NA,NA,NA,NA,NA,NA,NA,NA,NA,NA,NA,NA,NA,NA,NA,NA,NA,NA,NA,NA,NA,NA,NA,NA,NA,NA,NA,NA,NA,NA,NA,NA,NA,NA,NA,NA,NA,NA,NA,NA,NA,NA,NA,NA,NA,NA,NA,NA,NA,NA,NA,NA,NA,NA,NA,NA,NA,NA,NA,NA,NA,NA,NA,NA,NA,NA,NA,NA,NA,NA,NA,NA,NA,NA,NA,NA,NA,NA,NA,NA,NA,NA,NA,NA,NA,NA,NA,NA,NA,NA,NA,NA,NA,NA,NA,NA,NA,NA,NA,NA,NA,NA,NA,NA,NA,NA
KKZVD3,gc4bb2dg,6.3288,1,tech error - no data,2023-12-21 00:00,NA,NA,NA,NA,NA,NA,NA,NA,NA,NA,NA,NA,NA,NA,NA,NA,NA,NA,NA,NA,NA,NA,NA,NA,NA,NA,NA,NA,NA,NA,NA,NA,NA,NA,NA,NA,NA,NA,NA,NA,NA,NA,NA,NA,NA,NA,NA,NA,NA,NA,NA,NA,NA,NA,NA,NA,NA,NA,NA,NA,NA,NA,NA,NA,NA,NA,NA,NA,NA,NA,NA,NA,NA,NA,NA,NA,NA,NA,NA,NA,NA,NA,NA,NA,NA,NA,NA,NA,NA,NA,NA,NA,NA,NA,NA,NA,NA,NA,NA,NA,NA,NA,NA,NA,NA,NA,NA,NA,NA,NA,NA
3XEWN5,g436520g,5.3151,1,tech error - no data,2023-12-22 00:00,NA,NA,NA,NA,NA,NA,NA,NA,NA,NA,NA,NA,NA,NA,NA,NA,NA,NA,NA,NA,NA,NA,NA,NA,NA,NA,NA,NA,NA,NA,NA,NA,NA,NA,NA,NA,NA,NA,NA,NA,NA,NA,NA,NA,NA,NA,NA,NA,NA,NA,NA,NA,NA,NA,NA,NA,NA,NA,NA,NA,NA,NA,NA,NA,NA,NA,NA,NA,NA,NA,NA,NA,NA,NA,NA,NA,NA,NA,NA,NA,NA,NA,NA,NA,NA,NA,NA,NA,NA,NA,NA,NA,NA,NA,NA,NA,NA,NA,NA,NA,NA,NA,NA,NA,NA,NA,NA,NA,NA,NA,NA
d7KPHc,ge9ab21g,4.3288,1,tech error - no data,2023-12-22 00:00,NA,NA,NA,NA,NA,NA,NA,NA,NA,NA,NA,NA,NA,NA,NA,NA,NA,NA,NA,NA,NA,NA,NA,NA,NA,NA,NA,NA,NA,NA,NA,NA,NA,NA,NA,NA,NA,NA,NA,NA,NA,NA,NA,NA,NA,NA,NA,NA,NA,NA,NA,NA,NA,NA,NA,NA,NA,NA,NA,NA,NA,NA,NA,NA,NA,NA,NA,NA,NA,NA,NA,NA,NA,NA,NA,NA,NA,NA,NA,NA,NA,NA,NA,NA,NA,NA,NA,NA,NA,NA,NA,NA,NA,NA,NA,NA,NA,NA,NA,NA,NA,NA,NA,NA,NA,NA,NA,NA,NA,NA,NA
6VJUE2,g35a990g,5.2329,1,tech error - no data,2023-12-22 00:00,NA,NA,NA,NA,NA,NA,NA,NA,NA,NA,NA,NA,NA,NA,NA,NA,NA,NA,NA,NA,NA,NA,NA,NA,NA,NA,NA,NA,NA,NA,NA,NA,NA,NA,NA,NA,NA,NA,NA,NA,NA,NA,NA,NA,NA,NA,NA,NA,NA,NA,NA,NA,NA,NA,NA,NA,NA,NA,NA,NA,NA,NA,NA,NA,NA,NA,NA,NA,NA,NA,NA,NA,NA,NA,NA,NA,NA,NA,NA,NA,NA,NA,NA,NA,NA,NA,NA,NA,NA,NA,NA,NA,NA,NA,NA,NA,NA,NA,NA,NA,NA,NA,NA,NA,NA,NA,NA,NA,NA,NA,NA
YWKC34,g076803g,4.4932,1,tech error - no data,2023-12-22 00:00,NA,NA,NA,NA,NA,NA,NA,NA,NA,NA,NA,NA,NA,NA,NA,NA,NA,NA,NA,NA,NA,NA,NA,NA,NA,NA,NA,NA,NA,NA,NA,NA,NA,NA,NA,NA,NA,NA,NA,NA,NA,NA,NA,NA,NA,NA,NA,NA,NA,NA,NA,NA,NA,NA,NA,NA,NA,NA,NA,NA,NA,NA,NA,NA,NA,NA,NA,NA,NA,NA,NA,NA,NA,NA,NA,NA,NA,NA,NA,NA,NA,NA,NA,NA,NA,NA,NA,NA,NA,NA,NA,NA,NA,NA,NA,NA,NA,NA,NA,NA,NA,NA,NA,NA,NA,NA,NA,NA,NA,NA,NA
AP45HJ,g916c1bg,4.1096,1,tech error - no data,2023-12-22 00:00,NA,NA,NA,NA,NA,NA,NA,NA,NA,NA,NA,NA,NA,NA,NA,NA,NA,NA,NA,NA,NA,NA,NA,NA,NA,NA,NA,NA,NA,NA,NA,NA,NA,NA,NA,NA,NA,NA,NA,NA,NA,NA,NA,NA,NA,NA,NA,NA,NA,NA,NA,NA,NA,NA,NA,NA,NA,NA,NA,NA,NA,NA,NA,NA,NA,NA,NA,NA,NA,NA,NA,NA,NA,NA,NA,NA,NA,NA,NA,NA,NA,NA,NA,NA,NA,NA,NA,NA,NA,NA,NA,NA,NA,NA,NA,NA,NA,NA,NA,NA,NA,NA,NA,NA,NA,NA,NA,NA,NA,NA,NA
LWS3Dd,gdab7cag,3.2877,1,tech error - no data,2023-12-22 00:00,NA,NA,NA,NA,NA,NA,NA,NA,NA,NA,NA,NA,NA,NA,NA,NA,NA,NA,NA,NA,NA,NA,NA,NA,NA,NA,NA,NA,NA,NA,NA,NA,NA,NA,NA,NA,NA,NA,NA,NA,NA,NA,NA,NA,NA,NA,NA,NA,NA,NA,NA,NA,NA,NA,NA,NA,NA,NA,NA,NA,NA,NA,NA,NA,NA,NA,NA,NA,NA,NA,NA,NA,NA,NA,NA,NA,NA,NA,NA,NA,NA,NA,NA,NA,NA,NA,NA,NA,NA,NA,NA,NA,NA,NA,NA,NA,NA,NA,NA,NA,NA,NA,NA,NA,NA,NA,NA,NA,NA,NA,NA
N6TL2N,gbe626bg,3.863,1,tech error - no data,2023-12-23 00:00,NA,NA,NA,NA,NA,NA,NA,NA,NA,NA,NA,NA,NA,NA,NA,NA,NA,NA,NA,NA,NA,NA,NA,NA,NA,NA,NA,NA,NA,NA,NA,NA,NA,NA,NA,NA,NA,NA,NA,NA,NA,NA,NA,NA,NA,NA,NA,NA,NA,NA,NA,NA,NA,NA,NA,NA,NA,NA,NA,NA,NA,NA,NA,NA,NA,NA,NA,NA,NA,NA,NA,NA,NA,NA,NA,NA,NA,NA,NA,NA,NA,NA,NA,NA,NA,NA,NA,NA,NA,NA,NA,NA,NA,NA,NA,NA,NA,NA,NA,NA,NA,NA,NA,NA,NA,NA,NA,NA,NA,NA,NA
NRN7LF,g475bd7g,3.2877,1,tech error - no data,2023-12-23 00:00,NA,NA,NA,NA,NA,NA,NA,NA,NA,NA,NA,NA,NA,NA,NA,NA,NA,NA,NA,NA,NA,NA,NA,NA,NA,NA,NA,NA,NA,NA,NA,NA,NA,NA,NA,NA,NA,NA,NA,NA,NA,NA,NA,NA,NA,NA,NA,NA,NA,NA,NA,NA,NA,NA,NA,NA,NA,NA,NA,NA,NA,NA,NA,NA,NA,NA,NA,NA,NA,NA,NA,NA,NA,NA,NA,NA,NA,NA,NA,NA,NA,NA,NA,NA,NA,NA,NA,NA,NA,NA,NA,NA,NA,NA,NA,NA,NA,NA,NA,NA,NA,NA,NA,NA,NA,NA,NA,NA,NA,NA,NA
HWKccP,g55e5fag,5.4247,1,tech error - no data,2023-12-23 00:00,NA,NA,NA,NA,NA,NA,NA,NA,NA,NA,NA,NA,NA,NA,NA,NA,NA,NA,NA,NA,NA,NA,NA,NA,NA,NA,NA,NA,NA,NA,NA,NA,NA,NA,NA,NA,NA,NA,NA,NA,NA,NA,NA,NA,NA,NA,NA,NA,NA,NA,NA,NA,NA,NA,NA,NA,NA,NA,NA,NA,NA,NA,NA,NA,NA,NA,NA,NA,NA,NA,NA,NA,NA,NA,NA,NA,NA,NA,NA,NA,NA,NA,NA,NA,NA,NA,NA,NA,NA,NA,NA,NA,NA,NA,NA,NA,NA,NA,NA,NA,NA,NA,NA,NA,NA,NA,NA,NA,NA,NA,NA
dXAW3c,g32259ag,6.3288,1,tech error - no data,2023-12-23 00:00,NA,NA,NA,NA,NA,NA,NA,NA,NA,NA,NA,NA,NA,NA,NA,NA,NA,NA,NA,NA,NA,NA,NA,NA,NA,NA,NA,NA,NA,NA,NA,NA,NA,NA,NA,NA,NA,NA,NA,NA,NA,NA,NA,NA,NA,NA,NA,NA,NA,NA,NA,NA,NA,NA,NA,NA,NA,NA,NA,NA,NA,NA,NA,NA,NA,NA,NA,NA,NA,NA,NA,NA,NA,NA,NA,NA,NA,NA,NA,NA,NA,NA,NA,NA,NA,NA,NA,NA,NA,NA,NA,NA,NA,NA,NA,NA,NA,NA,NA,NA,NA,NA,NA,NA,NA,NA,NA,NA,NA,NA,NA
EVcSTV,g6d198bg,5.589,1,tech error - no data,2023-12-23 00:00,NA,NA,NA,NA,NA,NA,NA,NA,NA,NA,NA,NA,NA,NA,NA,NA,NA,NA,NA,NA,NA,NA,NA,NA,NA,NA,NA,NA,NA,NA,NA,NA,NA,NA,NA,NA,NA,NA,NA,NA,NA,NA,NA,NA,NA,NA,NA,NA,NA,NA,NA,NA,NA,NA,NA,NA,NA,NA,NA,NA,NA,NA,NA,NA,NA,NA,NA,NA,NA,NA,NA,NA,NA,NA,NA,NA,NA,NA,NA,NA,NA,NA,NA,NA,NA,NA,NA,NA,NA,NA,NA,NA,NA,NA,NA,NA,NA,NA,NA,NA,NA,NA,NA,NA,NA,NA,NA,NA,NA,NA,NA
N5GFVH,g5724e4g,5.726,1,tech error - no data,2023-12-23 00:00,NA,NA,NA,NA,NA,NA,NA,NA,NA,NA,NA,NA,NA,NA,NA,NA,NA,NA,NA,NA,NA,NA,NA,NA,NA,NA,NA,NA,NA,NA,NA,NA,NA,NA,NA,NA,NA,NA,NA,NA,NA,NA,NA,NA,NA,NA,NA,NA,NA,NA,NA,NA,NA,NA,NA,NA,NA,NA,NA,NA,NA,NA,NA,NA,NA,NA,NA,NA,NA,NA,NA,NA,NA,NA,NA,NA,NA,NA,NA,NA,NA,NA,NA,NA,NA,NA,NA,NA,NA,NA,NA,NA,NA,NA,NA,NA,NA,NA,NA,NA,NA,NA,NA,NA,NA,NA,NA,NA,NA,NA,NA
W2YSEZ,g553462g,3.0137,1,tech error - no data,2023-12-23 00:00,NA,NA,NA,NA,NA,NA,NA,NA,NA,NA,NA,NA,NA,NA,NA,NA,NA,NA,NA,NA,NA,NA,NA,NA,NA,NA,NA,NA,NA,NA,NA,NA,NA,NA,NA,NA,NA,NA,NA,NA,NA,NA,NA,NA,NA,NA,NA,NA,NA,NA,NA,NA,NA,NA,NA,NA,NA,NA,NA,NA,NA,NA,NA,NA,NA,NA,NA,NA,NA,NA,NA,NA,NA,NA,NA,NA,NA,NA,NA,NA,NA,NA,NA,NA,NA,NA,NA,NA,NA,NA,NA,NA,NA,NA,NA,NA,NA,NA,NA,NA,NA,NA,NA,NA,NA,NA,NA,NA,NA,NA,NA
W35dd2,ga15f2fg,3.5616,1,tech error - no data,2023-12-24 00:00,NA,NA,NA,NA,NA,NA,NA,NA,NA,NA,NA,NA,NA,NA,NA,NA,NA,NA,NA,NA,NA,NA,NA,NA,NA,NA,NA,NA,NA,NA,NA,NA,NA,NA,NA,NA,NA,NA,NA,NA,NA,NA,NA,NA,NA,NA,NA,NA,NA,NA,NA,NA,NA,NA,NA,NA,NA,NA,NA,NA,NA,NA,NA,NA,NA,NA,NA,NA,NA,NA,NA,NA,NA,NA,NA,NA,NA,NA,NA,NA,NA,NA,NA,NA,NA,NA,NA,NA,NA,NA,NA,NA,NA,NA,NA,NA,NA,NA,NA,NA,NA,NA,NA,NA,NA,NA,NA,NA,NA,NA,NA
MZ2cPE,g98c2cbg,3.3425,1,tech error - no data,2023-12-25 00:00,NA,NA,NA,NA,NA,NA,NA,NA,NA,NA,NA,NA,NA,NA,NA,NA,NA,NA,NA,NA,NA,NA,NA,NA,NA,NA,NA,NA,NA,NA,NA,NA,NA,NA,NA,NA,NA,NA,NA,NA,NA,NA,NA,NA,NA,NA,NA,NA,NA,NA,NA,NA,NA,NA,NA,NA,NA,NA,NA,NA,NA,NA,NA,NA,NA,NA,NA,NA,NA,NA,NA,NA,NA,NA,NA,NA,NA,NA,NA,NA,NA,NA,NA,NA,NA,NA,NA,NA,NA,NA,NA,NA,NA,NA,NA,NA,NA,NA,NA,NA,NA,NA,NA,NA,NA,NA,NA,NA,NA,NA,NA
4WVNVK,g8f5583g,7.0959,1,tech error - no data,2023-12-26 00:00,NA,NA,NA,NA,NA,NA,NA,NA,NA,NA,NA,NA,NA,NA,NA,NA,NA,NA,NA,NA,NA,NA,NA,NA,NA,NA,NA,NA,NA,NA,NA,NA,NA,NA,NA,NA,NA,NA,NA,NA,NA,NA,NA,NA,NA,NA,NA,NA,NA,NA,NA,NA,NA,NA,NA,NA,NA,NA,NA,NA,NA,NA,NA,NA,NA,NA,NA,NA,NA,NA,NA,NA,NA,NA,NA,NA,NA,NA,NA,NA,NA,NA,NA,NA,NA,NA,NA,NA,NA,NA,NA,NA,NA,NA,NA,NA,NA,NA,NA,NA,NA,NA,NA,NA,NA,NA,NA,NA,NA,NA,NA
QL7BcE,ga128cag,6.1644,1,tech error - no data,2023-12-26 00:00,NA,NA,NA,NA,NA,NA,NA,NA,NA,NA,NA,NA,NA,NA,NA,NA,NA,NA,NA,NA,NA,NA,NA,NA,NA,NA,NA,NA,NA,NA,NA,NA,NA,NA,NA,NA,NA,NA,NA,NA,NA,NA,NA,NA,NA,NA,NA,NA,NA,NA,NA,NA,NA,NA,NA,NA,NA,NA,NA,NA,NA,NA,NA,NA,NA,NA,NA,NA,NA,NA,NA,NA,NA,NA,NA,NA,NA,NA,NA,NA,NA,NA,NA,NA,NA,NA,NA,NA,NA,NA,NA,NA,NA,NA,NA,NA,NA,NA,NA,NA,NA,NA,NA,NA,NA,NA,NA,NA,NA,NA,NA
P64UKZ,ga72f25g,3.2877,1,tech error - no data,2023-12-26 00:00,NA,NA,NA,NA,NA,NA,NA,NA,NA,NA,NA,NA,NA,NA,NA,NA,NA,NA,NA,NA,NA,NA,NA,NA,NA,NA,NA,NA,NA,NA,NA,NA,NA,NA,NA,NA,NA,NA,NA,NA,NA,NA,NA,NA,NA,NA,NA,NA,NA,NA,NA,NA,NA,NA,NA,NA,NA,NA,NA,NA,NA,NA,NA,NA,NA,NA,NA,NA,NA,NA,NA,NA,NA,NA,NA,NA,NA,NA,NA,NA,NA,NA,NA,NA,NA,NA,NA,NA,NA,NA,NA,NA,NA,NA,NA,NA,NA,NA,NA,NA,NA,NA,NA,NA,NA,NA,NA,NA,NA,NA,NA
BRcJ3d,g2f6de8g,3.3425,1,did not start the study,2023-12-28 00:00,NA,NA,NA,NA,NA,NA,NA,NA,NA,NA,NA,NA,NA,NA,NA,NA,NA,NA,NA,NA,NA,NA,NA,NA,NA,NA,NA,NA,NA,NA,NA,NA,NA,NA,NA,NA,NA,NA,NA,NA,NA,NA,NA,NA,NA,NA,NA,NA,NA,NA,NA,NA,NA,NA,NA,NA,NA,NA,NA,NA,NA,NA,NA,NA,NA,NA,NA,NA,NA,NA,NA,NA,NA,NA,NA,NA,NA,NA,NA,NA,NA,NA,NA,NA,NA,NA,NA,NA,NA,NA,NA,NA,NA,NA,NA,NA,NA,NA,NA,NA,NA,NA,NA,NA,NA,NA,NA,NA,NA,NA,NA
DTDKdK,gbfe427g,6.8219,1,did not start the study,2023-12-29 00:00,NA,NA,NA,NA,NA,NA,NA,NA,NA,NA,NA,NA,NA,NA,NA,NA,NA,NA,NA,NA,NA,NA,NA,NA,NA,NA,NA,NA,NA,NA,NA,NA,NA,NA,NA,NA,NA,NA,NA,NA,NA,NA,NA,NA,NA,NA,NA,NA,NA,NA,NA,NA,NA,NA,NA,NA,NA,NA,NA,NA,NA,NA,NA,NA,NA,NA,NA,NA,NA,NA,NA,NA,NA,NA,NA,NA,NA,NA,NA,NA,NA,NA,NA,NA,NA,NA,NA,NA,NA,NA,NA,NA,NA,NA,NA,NA,NA,NA,NA,NA,NA,NA,NA,NA,NA,NA,NA,NA,NA,NA,NA
M37UcP,gaa3d7dg,3.6164,1,did not start the study,2024-02-29 00:00,NA,NA,NA,NA,NA,NA,NA,NA,NA,NA,NA,NA,NA,NA,NA,NA,NA,NA,NA,NA,NA,NA,NA,NA,NA,NA,NA,NA,NA,NA,NA,NA,NA,NA,NA,NA,NA,NA,NA,NA,NA,NA,NA,NA,NA,NA,NA,NA,NA,NA,NA,NA,NA,NA,NA,NA,NA,NA,NA,NA,NA,NA,NA,NA,NA,NA,NA,NA,NA,NA,NA,NA,NA,NA,NA,NA,NA,NA,NA,NA,NA,NA,NA,NA,NA,NA,NA,NA,NA,NA,NA,NA,NA,NA,NA,NA,NA,NA,NA,NA,NA,NA,NA,NA,NA,NA,NA,NA,NA,NA,NA
cFWMXc,gdc11e6g,4.9589,1,did not start the study,2024-03-02 00:00,NA,NA,NA,NA,NA,NA,NA,NA,NA,NA,NA,NA,NA,NA,NA,NA,NA,NA,NA,NA,NA,NA,NA,NA,NA,NA,NA,NA,NA,NA,NA,NA,NA,NA,NA,NA,NA,NA,NA,NA,NA,NA,NA,NA,NA,NA,NA,NA,NA,NA,NA,NA,NA,NA,NA,NA,NA,NA,NA,NA,NA,NA,NA,NA,NA,NA,NA,NA,NA,NA,NA,NA,NA,NA,NA,NA,NA,NA,NA,NA,NA,NA,NA,NA,NA,NA,NA,NA,NA,NA,NA,NA,NA,NA,NA,NA,NA,NA,NA,NA,NA,NA,NA,NA,NA,NA,NA,NA,NA,NA,NA
VKCWDA,gfdd3a4g,4.8767,1,did not start the study,2024-03-11 00:00,NA,NA,NA,NA,NA,NA,NA,NA,NA,NA,NA,NA,NA,NA,NA,NA,NA,NA,NA,NA,NA,NA,NA,NA,NA,NA,NA,NA,NA,NA,NA,NA,NA,NA,NA,NA,NA,NA,NA,NA,NA,NA,NA,NA,NA,NA,NA,NA,NA,NA,NA,NA,NA,NA,NA,NA,NA,NA,NA,NA,NA,NA,NA,NA,NA,NA,NA,NA,NA,NA,NA,NA,NA,NA,NA,NA,NA,NA,NA,NA,NA,NA,NA,NA,NA,NA,NA,NA,NA,NA,NA,NA,NA,NA,NA,NA,NA,NA,NA,NA,NA,NA,NA,NA,NA,NA,NA,NA,NA,NA,NA
DUBGFL,g8be276g,3.5616,1,did not start the study,2024-03-11 00:00,NA,NA,NA,NA,NA,NA,NA,NA,NA,NA,NA,NA,NA,NA,NA,NA,NA,NA,NA,NA,NA,NA,NA,NA,NA,NA,NA,NA,NA,NA,NA,NA,NA,NA,NA,NA,NA,NA,NA,NA,NA,NA,NA,NA,NA,NA,NA,NA,NA,NA,NA,NA,NA,NA,NA,NA,NA,NA,NA,NA,NA,NA,NA,NA,NA,NA,NA,NA,NA,NA,NA,NA,NA,NA,NA,NA,NA,NA,NA,NA,NA,NA,NA,NA,NA,NA,NA,NA,NA,NA,NA,NA,NA,NA,NA,NA,NA,NA,NA,NA,NA,NA,NA,NA,NA,NA,NA,NA,NA,NA,NA
B76ZG2,ge90c4ag,6.7671,1,did not start the study,2024-04-21 00:00,NA,NA,NA,NA,NA,NA,NA,NA,NA,NA,NA,NA,NA,NA,NA,NA,NA,NA,NA,NA,NA,NA,NA,NA,NA,NA,NA,NA,NA,NA,NA,NA,NA,NA,NA,NA,NA,NA,NA,NA,NA,NA,NA,NA,NA,NA,NA,NA,NA,NA,NA,NA,NA,NA,NA,NA,NA,NA,NA,NA,NA,NA,NA,NA,NA,NA,NA,NA,NA,NA,NA,NA,NA,NA,NA,NA,NA,NA,NA,NA,NA,NA,NA,NA,NA,NA,NA,NA,NA,NA,NA,NA,NA,NA,NA,NA,NA,NA,NA,NA,NA,NA,NA,NA,NA,NA,NA,NA,NA,NA,NA
6B7QdE,gaefb10g,3.3425,1,did not start the study,2024-05-23 00:00,NA,NA,NA,NA,NA,NA,NA,NA,NA,NA,NA,NA,NA,NA,NA,NA,NA,NA,NA,NA,NA,NA,NA,NA,NA,NA,NA,NA,NA,NA,NA,NA,NA,NA,NA,NA,NA,NA,NA,NA,NA,NA,NA,NA,NA,NA,NA,NA,NA,NA,NA,NA,NA,NA,NA,NA,NA,NA,NA,NA,NA,NA,NA,NA,NA,NA,NA,NA,NA,NA,NA,NA,NA,NA,NA,NA,NA,NA,NA,NA,NA,NA,NA,NA,NA,NA,NA,NA,NA,NA,NA,NA,NA,NA,NA,NA,NA,NA,NA,NA,NA,NA,NA,NA,NA,NA,NA,NA,NA,NA,NA
5D2UUZ,g9a88d0g,6.8493,1,did not start the study,2024-06-19 00:00,NA,NA,NA,NA,NA,NA,NA,NA,NA,NA,NA,NA,NA,NA,NA,NA,NA,NA,NA,NA,NA,NA,NA,NA,NA,NA,NA,NA,NA,NA,NA,NA,NA,NA,NA,NA,NA,NA,NA,NA,NA,NA,NA,NA,NA,NA,NA,NA,NA,NA,NA,NA,NA,NA,NA,NA,NA,NA,NA,NA,NA,NA,NA,NA,NA,NA,NA,NA,NA,NA,NA,NA,NA,NA,NA,NA,NA,NA,NA,NA,NA,NA,NA,NA,NA,NA,NA,NA,NA,NA,NA,NA,NA,NA,NA,NA,NA,NA,NA,NA,NA,NA,NA,NA,NA,NA,NA,NA,NA,NA,NA
